speaker,start_time,end_time,utterance,duration_in_seconds,start_time_in_seconds,end_time_in_seconds,bubble_idx,opportunities_to_respond,wait_times,presses_for_explanation,open_ended_questions,praises,behavior_specific_praises,academic_specific_praises
student,0m 0s,0m 4s,[Untranscribed],4.88,0,4.88,0,,,,,,,
teacher,0m 4s,0m 5s,Okay.,0.44,4.88,5.32,1,,,,,,,
teacher,0m 5s,0m 16s,On the agenda today we have coding and then we're going to finish our digital wellness and then we'll work on our digital citizenship test.,11.24,5.32,16.56,1,,,,,,,
teacher,0m 16s,0m 17s,,0.64,16.56,17.2,1,,,,,,,
teacher,0m 17s,0m 25s,And I'm not sure where we got to but our what for today let's have Boston where you read our what,8.32,17.2,25.52,1,1,1,,,,,
teacher,0m 25s,0m 29s,,4.4,25.52,29.92,1,,,,,,,
student,0m 29s,0m 31s,I can identify ways to stay,1.6,29.92,31.52,2,,,,,,,
teacher,0m 31s,0m 31s,[Untranscribed],0.24,31.52,31.76,3,,,,,,,
student,0m 31s,0m 32s,healthy or body.,1.04,31.76,32.8,4,,,,,,,
student,0m 32s,0m 33s,,0.24,32.8,33.04,4,,,,,,,
teacher,0m 33s,0m 33s,Okay.,0.52,33.04,33.56,5,,,,,,,
teacher,0m 33s,0m 35s,"Sophia, will you read why?",1.8,33.56,35.36,5,1,,1,1,,,
student,0m 35s,0m 39s,,3.84,35.36,39.2,6,,,,,,,
student,0m 39s,0m 44s,So I can be more cautious of what to do I do online.,5.12,39.2,44.32,6,,,,,,,
student,0m 44s,0m 44s,,0.32,44.32,44.64,6,,,,,,,
teacher,0m 44s,0m 45s,Okay.,0.4,44.64,45.04,7,,,,,,,
teacher,0m 45s,0m 45s,And then Kobe.,0.72,45.04,45.76,7,1,,1,,,,
teacher,0m 45s,0m 46s,,0.4,45.76,46.16,7,1,,1,,,,
teacher,0m 46s,0m 46s,How.,0.4,46.16,46.56,7,1,,1,,,,
student,0m 46s,0m 52s,[Untranscribed],6.28,46.56,52.84,8,,,,,,,
teacher,0m 52s,1m 0s,"Okay, let's go to your drive, your 600 number and we're opening up the digital wellness.",7.44,52.84,60.28,9,,,,,,,
teacher,1m 0s,1m 0s,,0.147,60.28,60.427,9,,,,,,,
silence,1m 0s,1m 5s,,4.573,60.427,65.0,10,,,,,,,
teacher,1m 5s,1m 7s,And then let's make sure that we save that,2.4,65.0,67.4,11,,,,,,,
teacher,1m 7s,1m 7s,,0.114,67.4,67.514,11,,,,,,,
silence,1m 7s,1m 11s,,4.286,67.514,71.8,12,,,,,,,
student,1m 11s,1m 13s,[Untranscribed],2.0,71.8,73.8,13,,,,,,,
teacher,1m 13s,1m 16s,you can final save reopen.,2.68,73.8,76.48,14,,,,,,,
teacher,1m 16s,1m 16s,,0.383,76.48,76.863,14,,,,,,,
silence,1m 16s,1m 34s,,17.827,76.863,94.69,15,,,,,,,
teacher,1m 34s,1m 36s,Where did we get to?,1.44,94.69,96.13,16,1,,,,,,
student,1m 36s,1m 40s,[Untranscribed],4.375,96.13,100.505,17,,,,,,,
silence,1m 40s,1m 42s,,1.991,100.505,102.496,18,,,,,,,
student,1m 42s,1m 45s,[Untranscribed],2.564,102.496,105.06,19,,,,,,,
teacher,1m 45s,1m 46s,We got the sexting,1.2,105.06,106.26,20,,,,,,,
teacher,1m 46s,1m 47s,,0.758,106.26,107.018,20,,,,,,,
silence,1m 47s,2m 3s,,16.487,107.018,123.505,21,,,,,,,
student,2m 3s,2m 5s,[Untranscribed],1.991,123.505,125.497,22,,,,,,,
silence,2m 5s,2m 7s,,2.008,125.497,127.505,23,,,,,,,
student,2m 7s,2m 9s,[Untranscribed],1.991,127.505,129.496,24,,,,,,,
silence,2m 9s,2m 15s,,5.957,129.496,135.453,25,,,,,,,
student,2m 15s,2m 17s,[Untranscribed],1.557,135.453,137.01,26,,,,,,,
teacher,2m 17s,2m 19s,[Untranscribed],2.881,137.01,139.891,27,,,,,,,
silence,2m 19s,2m 28s,,8.606,139.891,148.497,28,,,,,,,
student,2m 28s,2m 30s,[Untranscribed],2.333,148.497,150.83,29,,,,,,,
teacher,2m 30s,2m 32s,should be saying to your bride.,1.44,150.83,152.27,30,,,,,,,
teacher,2m 32s,2m 32s,,0.598,152.27,152.868,30,,,,,,,
student,2m 32s,2m 36s,[Untranscribed],3.392,152.868,156.26,31,,,,,,,
silence,2m 36s,2m 38s,,1.94,156.26,158.2,32,,,,,,,
teacher,2m 38s,2m 42s,"Okay, so I'll read this part and you should have a fill in the blank.",4.64,158.2,162.84,33,,,,,,,
teacher,2m 42s,2m 43s,,0.8,162.84,163.64,33,,,,,,,
teacher,2m 43s,2m 53s,"Sexting is the act of sending sexual text messages often involves sending nude, semi nude or suggested photos.",10.32,163.64,173.96,33,,,,,,,
teacher,2m 53s,2m 54s,,0.56,173.96,174.52,33,,,,,,,
teacher,2m 54s,2m 59s,Sometimes the messages also include sexual or explicit videos.,4.96,174.52,179.48,33,,,,,,,
teacher,2m 59s,3m 0s,,0.65,179.48,180.13,33,,,,,,,
teacher,3m 0s,3m 2s,Now this is what you need to pay attention to.,2.32,180.13,182.45,33,,,,,,,
teacher,3m 2s,3m 3s,,0.96,182.45,183.41,33,,,,,,,
teacher,3m 3s,3m 13s,Sexting images of a minor is child pornography and it's illegal even if the photo is of yourself.,10.24,183.41,193.65,33,,,,,,,
student,3m 13s,3m 14s,[Untranscribed],1.28,193.65,194.93,34,,,,,,,
teacher,3m 14s,3m 16s,Having a photo on your phone.,2.0,194.93,196.93,35,,,,,,,
teacher,3m 16s,3m 19s,,2.4,196.93,199.33,35,,,,,,,
teacher,3m 19s,3m 23s,Nude is considered possession of child pornography and it's illegal.,4.24,199.33,203.57,35,,,,,,,
teacher,3m 23s,3m 24s,,0.64,203.57,204.21,35,,,,,,,
teacher,3m 24s,3m 27s,So none of those pictures should be on your phone.,3.2,204.21,207.41,35,,,,,,,
teacher,3m 27s,3m 28s,,1.27,207.41,208.68,35,,,,,,,
teacher,3m 28s,3m 31s,Especially if the person is under 18.,2.48,208.68,211.16,35,,,,,,,
teacher,3m 31s,3m 32s,,0.96,211.16,212.12,35,,,,,,,
teacher,3m 32s,3m 33s,It is against the law.,1.36,212.12,213.48,35,,,,,,,
teacher,3m 33s,3m 39s,"And remember that first bullet, even if it's of yourself, it is against the law.",5.72,213.48,219.2,35,,,,,,,
teacher,3m 39s,3m 40s,It's illegal.,0.96,219.2,220.16,35,,,,,,,
teacher,3m 40s,3m 42s,It's considered child pornography.,2.04,220.16,222.2,35,,,,,,,
teacher,3m 42s,3m 43s,,0.88,222.2,223.08,35,,,,,,,
student,3m 43s,3m 44s,I need help getting there.,1.28,223.08,224.36,36,,,,,,,
student,3m 44s,3m 44s,,0.48,224.36,224.84,36,,,,,,,
teacher,3m 44s,3m 46s,"Oh, it's not in there.",1.28,224.84,226.12,37,,,,,,,
teacher,3m 46s,3m 47s,You might want to try here.,1.28,226.12,227.4,37,,,,,,,
teacher,3m 47s,3m 48s,,0.64,227.4,228.04,37,,,,,,,
teacher,3m 48s,3m 48s,Okay.,0.44,228.04,228.48,37,,,,,,,
teacher,3m 48s,3m 50s,This one is called Wellness.,1.64,228.48,230.12,37,,,,,,,
teacher,3m 50s,3m 51s,Digital wellness.,1.04,230.12,231.16,37,,,,,,,
student,3m 51s,3m 52s,[Untranscribed],1.68,231.16,232.84,38,,,,,,,
teacher,3m 52s,3m 54s,So re download it.,1.44,232.84,234.28,39,,,,,,,
teacher,3m 54s,3m 54s,,0.62,234.28,234.9,39,,,,,,,
teacher,3m 54s,3m 59s,The first part's pretty easy because it's just okay.,4.2,234.9,239.1,39,,,,,,,
teacher,3m 59s,4m 6s,"Once you're 18, it is not illegal, but it still continues to be a very stupid thing to do.",7.68,239.1,246.78,39,,,,,,,
teacher,4m 6s,4m 14s,"Now that being said, if you're 18, is it okay to have a picture of a 16 year old?",7.48,246.78,254.26,39,1,,,,,,
teacher,4m 14s,4m 14s,,0.08,254.26,254.34,39,1,,,,,,
teacher,4m 14s,4m 15s,Inappropriate picture?,1.28,254.34,255.62,39,1,,,,,,
teacher,4m 15s,4m 16s,,0.8,255.62,256.42,39,,,,,,,
teacher,4m 16s,4m 17s,"No, it's not.",1.0,256.42,257.42,39,,,,,,,
teacher,4m 17s,4m 18s,It's against the law.,0.96,257.42,258.38,39,,,,,,,
teacher,4m 18s,4m 19s,And it's called what?,1.08,258.38,259.46,39,1,,,,,,
student,4m 19s,4m 21s,[Untranscribed],2.17,259.46,261.63,40,,,,,,,
teacher,4m 21s,4m 22s,Child pornography.,1.2,261.63,262.83,41,,,,,,,
student,4m 22s,4m 24s,[Untranscribed],1.76,262.83,264.59,42,,,,,,,
teacher,4m 24s,4m 25s,Okay.,0.64,264.59,265.23,43,,,,,,,
teacher,4m 25s,4m 25s,,0.08,265.23,265.31,43,,,,,,,
teacher,4m 25s,4m 31s,Dangers of sex can go to campus permanency.,6.32,265.31,271.63,43,,,,,,,
teacher,4m 31s,4m 32s,,0.48,271.63,272.11,43,,,,,,,
teacher,4m 32s,4m 34s,Can you unsend a text?,2.24,272.11,274.35,43,1,,,,,,
teacher,4m 34s,4m 34s,,0.56,274.35,274.91,43,,,,,,,
teacher,4m 34s,4m 35s,No.,0.4,274.91,275.31,43,,,,,,,
teacher,4m 35s,4m 35s,,0.16,275.31,275.47,43,,,,,,,
teacher,4m 35s,4m 37s,"No, no.",1.92,275.47,277.39,43,,,,,,,
student,4m 37s,4m 39s,[Untranscribed],2.0,277.39,279.39,44,,,,,,,
teacher,4m 39s,4m 40s,Can you delete a text?,1.44,279.39,280.83,45,1,,,,,,
teacher,4m 40s,4m 41s,,0.24,280.83,281.07,45,,,,,,,
teacher,4m 41s,4m 41s,Yes.,0.48,281.07,281.55,45,,,,,,,
teacher,4m 41s,4m 41s,,0.4,281.55,281.95,45,,,,,,,
teacher,4m 41s,4m 42s,From your side?,1.04,281.95,282.99,45,1,,,,,,
teacher,4m 42s,4m 43s,,0.08,282.99,283.07,45,,,,,,,
teacher,4m 43s,4m 43s,Yeah.,0.56,283.07,283.63,45,,,,,,,
teacher,4m 43s,4m 45s,But does someone else already have it?,2.16,283.63,285.79,45,1,,,,,,
teacher,4m 45s,4m 46s,Yep.,0.45,285.79,286.24,45,,,,,,,
teacher,4m 46s,4m 46s,,0.39,286.24,286.63,45,,,,,,,
teacher,4m 46s,4m 47s,"Yeah, that's a problem.",0.96,286.63,287.59,45,,,,,,,
teacher,4m 47s,4m 48s,,0.8,287.59,288.39,45,,,,,,,
teacher,4m 48s,4m 53s,Blackmail Sexual messages could be used to manipulate you in the future.,5.44,288.39,293.83,45,,,,,,,
student,4m 53s,4m 55s,[Untranscribed],1.36,293.83,295.19,46,,,,,,,
teacher,4m 55s,4m 56s,Emotional health.,1.2,295.19,296.39,47,,,,,,,
teacher,4m 56s,4m 56s,,0.56,296.39,296.95,47,,,,,,,
teacher,4m 56s,5m 4s,"If someone shares your message without your consent, it could affect your mental and emotional well being.",7.28,296.95,304.23,47,,,,,,,
teacher,5m 4s,5m 4s,,0.48,304.23,304.71,47,,,,,,,
teacher,5m 4s,5m 6s,Can they send it without your consent?,2.16,304.71,306.87,47,1,,,,,,
teacher,5m 6s,5m 7s,,0.4,306.87,307.27,47,,,,,,,
student,5m 7s,5m 10s,"No, they probably shouldn't.",3.44,307.27,310.71,48,,,,,,,
student,5m 10s,5m 11s,,0.32,310.71,311.03,48,,,,,,,
teacher,5m 11s,5m 13s,But do people forward messages all the time?,2.56,311.03,313.59,49,1,,,,,,
student,5m 13s,5m 15s,[Untranscribed],2.23,313.59,315.82,50,,,,,,,
teacher,5m 15s,5m 16s,Yes.,0.4,315.82,316.22,51,,,,,,,
teacher,5m 16s,5m 16s,,0.72,316.22,316.94,51,,,,,,,
teacher,5m 16s,5m 27s,"So don't send something that you're going to be embarrassed about in the first place because you don't know whose hands it's going to be in, whose hands it will end up in Physical safety.",10.56,316.94,327.5,51,,,,,,,
teacher,5m 27s,5m 28s,,0.72,327.5,328.22,51,,,,,,,
teacher,5m 28s,5m 29s,You could be what?,1.2,328.22,329.42,51,1,1,,,,,
teacher,5m 29s,5m 29s,,0.078,329.42,329.498,51,,,,,,,
silence,5m 29s,5m 32s,,2.972,329.498,332.47,52,,,,,,,
teacher,5m 32s,5m 33s,,1.43,332.47,333.9,53,,,,,,,
teacher,5m 33s,5m 37s,"Harassed or bullied, Getting in trouble.",3.28,333.9,337.18,53,,,,,,,
teacher,5m 37s,5m 37s,,0.32,337.18,337.5,53,,,,,,,
teacher,5m 37s,5m 41s,"You could be in trouble with parents, caregivers, employers, school authority.",4.4,337.5,341.9,53,,,,,,,
teacher,5m 41s,5m 42s,,0.48,341.9,342.38,53,,,,,,,
teacher,5m 42s,5m 48s,Have we had anybody suspended from our school for that very thing?,6.48,342.38,348.86,53,1,,,,,,
teacher,5m 48s,5m 50s,,1.76,348.86,350.62,53,,,,,,,
teacher,5m 50s,5m 51s,We've had groups of people.,1.36,350.62,351.98,53,,,,,,,
teacher,5m 51s,5m 52s,,0.88,351.98,352.86,53,,,,,,,
teacher,5m 52s,5m 56s,So this year I don't know that I know for sure.,3.36,352.86,356.22,53,,,,,,,
teacher,5m 56s,6m 3s,"Three years ago, and the only reason I know what they were suspended from was because other students told me and they were in my class.",7.28,356.22,363.5,53,,,,,,,
student,6m 3s,6m 4s,[Untranscribed],1.28,363.5,364.78,54,,,,,,,
teacher,6m 4s,6m 10s,So they were a group like two 10 8th graders who did that very thing.,5.39,364.78,370.17,55,,,,,,,
teacher,6m 10s,6m 14s,They all had the evidence on their phone and they were all suspended for it.,4.4,370.17,374.57,55,,,,,,,
silence,6m 14s,6m 16s,,2.16,374.57,376.73,56,,,,,,,
teacher,6m 16s,6m 21s,"Okay, a sex can be what sh to friends.",4.72,376.73,381.45,57,1,,,,,,
student,6m 21s,6m 22s,Posted online.,0.8,381.45,382.25,58,,,,,,,
student,6m 22s,6m 22s,,0.479,382.25,382.729,58,,,,,,,
teacher,6m 22s,6m 23s,Good.,0.361,382.729,383.09,59,,,,,1,,
teacher,6m 23s,6m 24s,Shown to friends.,0.92,383.09,384.01,59,,,,,1,,
student,6m 24s,6m 24s,What else?,0.64,384.01,384.65,60,,,,,,,
student,6m 24s,6m 24s,,0.08,384.65,384.73,60,,,,,,,
student,6m 24s,6m 27s,"Sent to other people, treated father images.",2.96,384.73,387.69,60,,,,,,,
student,6m 27s,6m 28s,,0.56,387.69,388.25,60,,,,,,,
student,6m 28s,6m 29s,Screenshot.,0.8,388.25,389.05,60,,,,,,,
student,6m 29s,6m 29s,,0.32,389.05,389.37,60,,,,,,,
student,6m 29s,6m 30s,Screenshot.,0.8,389.37,390.17,60,,,,,,,
student,6m 30s,6m 30s,,0.64,390.17,390.81,60,,,,,,,
teacher,6m 30s,6m 31s,Good.,0.4,390.81,391.21,61,,,,,1,,
teacher,6m 31s,6m 31s,,0.16,391.21,391.37,61,,,,,1,,
teacher,6m 31s,6m 32s,Is that all true?,1.04,391.37,392.41,61,1,,,,1,,
student,6m 32s,6m 34s,[Untranscribed],1.78,392.41,394.19,62,,,,,,,
teacher,6m 34s,6m 34s,Kind of scary.,0.8,394.19,394.99,63,,,,,,,
student,6m 34s,6m 36s,[Untranscribed],1.28,394.99,396.27,64,,,,,,,
teacher,6m 36s,6m 39s,"Okay, the next part is sextortion.",2.88,396.27,399.15,65,,,,,,,
teacher,6m 39s,6m 39s,,0.8,399.15,399.95,65,,,,,,,
teacher,6m 39s,6m 54s,"And look for sextortion, the practice of extorting money or sexual favors from someone by threatening to reveal evidence of their sexual activity.",14.52,399.95,414.47,65,,,,,,,
teacher,6m 54s,6m 56s,Now go over to the right hand side.,1.8,414.47,416.27,65,,,,,,,
student,6m 56s,6m 57s,[Untranscribed],1.44,416.27,417.71,66,,,,,,,
teacher,6m 57s,7m 1s,What percent of teens have received a sex?,3.69,417.71,421.4,67,1,,,,,,
student,7m 1s,7m 2s,[Untranscribed],1.36,421.4,422.76,68,,,,,,,
teacher,7m 2s,7m 4s,27.,1.584,422.76,424.344,69,,,,,,,
teacher,7m 4s,7m 4s,,0.352,424.344,424.696,69,,,,,,,
teacher,7m 4s,7m 6s,27.,1.584,424.696,426.28,69,,,,,,,
teacher,7m 6s,7m 6s,,0.16,426.28,426.44,69,,,,,,,
teacher,7m 6s,7m 8s,So you need to mark 27 in the box.,2.32,426.44,428.76,69,,,,,,,
student,7m 8s,7m 9s,[Untranscribed],1.04,428.76,429.8,70,,,,,,,
teacher,7m 9s,7m 13s,What percent of teens have sent a sex?,3.52,429.8,433.32,71,1,,,,,,
teacher,7m 13s,7m 13s,,0.652,433.32,433.972,71,,,,,,,
silence,7m 13s,7m 16s,,2.148,433.972,436.12,72,,,,,,,
silence,7m 16s,7m 16s,Good.,0.4,436.12,436.52,72,,,,,,,
silence,7m 16s,7m 16s,,0.08,436.52,436.6,72,,,,,,,
teacher,7m 16s,7m 17s,15.,0.4,436.6,437.0,73,,,,,,,
teacher,7m 17s,7m 17s,,0.96,437.0,437.96,73,,,,,,,
teacher,7m 17s,7m 22s,What percent of teens have experienced sextortion?,4.32,437.96,442.28,73,1,,,,,,
student,7m 22s,7m 23s,[Untranscribed],1.28,442.28,443.56,74,,,,,,,
teacher,7m 23s,7m 24s,5.,0.54,443.56,444.1,75,,,,,,,
teacher,7m 24s,7m 24s,,0.12,444.1,444.22,75,,,,,,,
teacher,7m 24s,7m 24s,5.,0.54,444.22,444.76,75,,,,,,,
teacher,7m 24s,7m 25s,,0.32,444.76,445.08,75,,,,,,,
teacher,7m 25s,7m 27s,That number is higher than I thought it was to be.,2.4,445.08,447.48,75,,,,,,,
teacher,7m 27s,7m 28s,I thought it was going to be 1%.,1.32,447.48,448.8,75,,,,,,,
student,7m 28s,7m 30s,[Untranscribed],1.44,448.8,450.24,76,,,,,,,
teacher,7m 30s,7m 31s,Kind of scary.,0.88,450.24,451.12,77,,,,,,,
teacher,7m 31s,7m 31s,,0.8,451.12,451.92,77,,,,,,,
teacher,7m 31s,7m 41s,"From October 21st to March 23rd, how many sextortion reports did the FBI receive?",9.24,451.92,461.16,77,1,,,,,,
teacher,7m 41s,7m 43s,"1, 300.",2.457,461.16,463.617,77,,,,,,,
teacher,7m 43s,7m 43s,,0.259,463.617,463.876,77,,,,,,,
teacher,7m 43s,7m 45s,"1,300.",1.164,463.876,465.04,77,,,,,,,
teacher,7m 45s,7m 45s,,0.16,465.04,465.2,77,,,,,,,
teacher,7m 45s,7m 46s,How many months is that?,1.36,465.2,466.56,77,1,,,,,,
teacher,7m 46s,7m 46s,,0.16,466.56,466.72,77,,,,,,,
student,7m 46s,7m 48s,That's like a lot.,2.24,466.72,468.96,78,,,,,,,
teacher,7m 48s,7m 52s,That's like only five months.,3.76,468.96,472.72,79,,,,,,,
teacher,7m 52s,7m 54s,It's not even a half a year.,1.6,472.72,474.32,79,,,,,,,
teacher,7m 54s,7m 55s,,0.69,474.32,475.01,79,,,,,,,
teacher,7m 55s,7m 55s,That's a lot of reports.,0.96,475.01,475.97,79,,,,,,,
teacher,7m 55s,7m 56s,,0.8,475.97,476.77,79,,,,,,,
teacher,7m 56s,7m 59s,"And remember, these are the reports they're getting.",3.2,476.77,479.97,79,,,,,,,
teacher,7m 59s,8m 0s,,0.32,479.97,480.29,79,,,,,,,
teacher,8m 0s,8m 2s,Does the FBI get all of the reports?,2.24,480.29,482.53,79,1,,,,,,
student,8m 2s,8m 3s,[Untranscribed],1.12,482.53,483.65,80,,,,,,,
teacher,8m 3s,8m 6s,Probably only a minimal amount of reports.,2.48,483.65,486.13,81,,,,,,,
teacher,8m 6s,8m 6s,,0.576,486.13,486.706,81,,,,,,,
silence,8m 6s,8m 9s,,2.384,486.706,489.09,82,,,,,,,
teacher,8m 9s,8m 14s,"Okay, this is the true story that I told you I would tell you.",4.96,489.09,494.05,83,,,,,,,
teacher,8m 14s,8m 24s,And the only reason we know this true story because this was a minor is because his mom wanted his strange out there in hopes of helping other people.,10.44,494.05,504.49,83,,,,,,,
teacher,8m 24s,8m 25s,,0.88,504.49,505.37,83,,,,,,,
teacher,8m 25s,8m 29s,So this happened in 2019 and it happens all the time.,3.72,505.37,509.09,83,,,,,,,
teacher,8m 29s,8m 30s,But this is the story we have.,1.56,509.09,510.65,83,,,,,,,
student,8m 30s,8m 31s,[Untranscribed],1.28,510.65,511.93,84,,,,,,,
teacher,8m 31s,8m 36s,"In Utah in 2019, 16 year old Tevin Tobler committed suicide.",5.04,511.93,516.97,85,,,,,,,
teacher,8m 36s,8m 37s,,0.159,516.97,517.129,85,,,,,,,
teacher,8m 37s,8m 38s,People were shocked.,1.201,517.129,518.33,85,,,,,,,
teacher,8m 38s,8m 38s,,0.24,518.33,518.57,85,,,,,,,
teacher,8m 38s,8m 45s,"He had a great family, was a gifted athlete, an honor student, had lots of friends and was saving up money to serve a religious mission.",7.2,518.57,525.77,85,,,,,,,
teacher,8m 45s,8m 46s,,0.4,525.77,526.17,85,,,,,,,
teacher,8m 46s,8m 49s,His death was random and unexplained complaint.,3.11,526.17,529.28,85,,,,,,,
teacher,8m 49s,8m 49s,,0.4,529.28,529.68,85,,,,,,,
teacher,8m 49s,8m 55s,It took several weeks for his grieved and confused family to check his social media for answers.,5.36,529.68,535.04,85,,,,,,,
teacher,8m 55s,8m 55s,,0.48,535.04,535.52,85,,,,,,,
teacher,8m 55s,9m 2s,"That was when they discovered an unknown number had sexted Taven more than 1,000 times.",6.48,535.52,542.0,85,,,,,,,
student,9m 2s,9m 3s,[Untranscribed],1.04,542.0,543.04,86,,,,,,,
teacher,9m 3s,9m 4s,That's a ton of times.,1.2,543.04,544.24,87,,,,,,,
student,9m 4s,9m 5s,[Untranscribed],1.12,544.24,545.36,88,,,,,,,
teacher,9m 5s,9m 11s,Someone had been voting the minor into sending explicit photos of himself.,6.08,545.36,551.44,89,,,,,,,
teacher,9m 11s,9m 12s,,0.72,551.44,552.16,89,,,,,,,
teacher,9m 12s,9m 18s,She demanded he send money to her unless he wanted his friends and family to the images.,6.33,552.16,558.49,89,,,,,,,
teacher,9m 18s,9m 19s,,0.64,558.49,559.13,89,,,,,,,
teacher,9m 19s,9m 22s,"This is where it's sextortion because it's black, though, right?",3.6,559.13,562.73,89,1,,,,,,
teacher,9m 22s,9m 22s,,0.24,562.73,562.97,89,,,,,,,
student,9m 22s,9m 23s,Yes.,0.48,562.97,563.45,90,,,,,,,
student,9m 23s,9m 24s,,0.96,563.45,564.41,90,,,,,,,
teacher,9m 24s,9m 29s,"After Tevin told the scammer he had no more money to give her, she urged him to kill himself.",5.28,564.41,569.69,91,,,,,,,
teacher,9m 29s,9m 30s,,0.64,569.69,570.33,91,,,,,,,
teacher,9m 30s,9m 35s,He killed himself just two weeks after the harassment initially began.,4.8,570.33,575.13,91,,,,,,,
teacher,9m 35s,9m 35s,,0.72,575.13,575.85,91,,,,,,,
teacher,9m 35s,9m 40s,The scammer lives in Africa and is also responsible for another suicide in France.,5.12,575.85,580.97,91,,,,,,,
teacher,9m 40s,9m 41s,,0.4,580.97,581.37,91,,,,,,,
teacher,9m 41s,9m 46s,But the lack of infrastructure in Africa make it nearly impossible to find out.,5.28,581.37,586.65,91,,,,,,,
teacher,9m 46s,9m 47s,,0.56,586.65,587.21,91,,,,,,,
teacher,9m 47s,9m 48s,Tevin had a.,1.2,587.21,588.41,91,,,,,,,
teacher,9m 48s,9m 52s,A really strong family connection and great friends.,3.6,588.41,592.01,91,,,,,,,
teacher,9m 52s,9m 53s,But what happened?,1.12,592.01,593.13,91,,,,,,,
teacher,9m 53s,9m 53s,,0.32,593.13,593.45,91,,,,,,,
teacher,9m 53s,9m 54s,He didn't tell anyone.,1.44,593.45,594.89,91,,,,,,,
teacher,9m 54s,9m 54s,,0.08,594.89,594.97,91,,,,,,,
teacher,9m 54s,9m 56s,He didn't tell anyone.,1.2,594.97,596.17,91,,,,,,,
teacher,9m 56s,9m 56s,,0.56,596.17,596.73,91,,,,,,,
teacher,9m 56s,9m 58s,Why do you think he didn't tell anyone?,2.08,596.73,598.81,91,1,,1,1,,,
teacher,9m 58s,9m 58s,,0.16,598.81,598.97,91,,,,,,,
teacher,9m 58s,9m 59s,He was scared.,0.72,598.97,599.69,91,,,,,,,
teacher,9m 59s,10m 0s,,0.64,599.69,600.33,91,,,,,,,
teacher,10m 0s,10m 1s,He was scared.,0.8,600.33,601.13,91,,,,,,,
teacher,10m 1s,10m 1s,,0.16,601.13,601.29,91,,,,,,,
student,10m 1s,10m 5s,He was scared because of the person that could.,4.16,601.29,605.45,92,,,,,,,
student,10m 5s,10m 6s,,1.12,605.45,606.57,92,,,,,,,
teacher,10m 6s,10m 7s,"Okay, scared of that.",1.36,606.57,607.93,93,,,,,,,
teacher,10m 7s,10m 8s,What else you.,0.72,607.93,608.65,93,1,1,,,,,
student,10m 8s,10m 11s,[Untranscribed],3.21,608.65,611.86,94,,,,,,,
teacher,10m 11s,10m 13s,Do you think he was embarrassed?,1.44,611.86,613.3,95,1,,,,,,
teacher,10m 13s,10m 13s,Yeah.,0.48,613.3,613.78,95,,,,,,,
teacher,10m 13s,10m 14s,,0.32,613.78,614.1,95,,,,,,,
teacher,10m 14s,10m 15s,He would be embarrassed.,1.2,614.1,615.3,95,,,,,,,
teacher,10m 15s,10m 15s,Right.,0.32,615.3,615.62,95,,,,,,,
student,10m 15s,10m 16s,[Untranscribed],1.36,615.62,616.98,96,,,,,,,
teacher,10m 16s,10m 23s,"So if you're embarrassed, if this is happening to you, try not to be embarrassed.",6.96,616.98,623.94,97,,,,,,,
teacher,10m 23s,10m 26s,But you could call the FBI.,2.88,623.94,626.82,97,,,,,,,
student,10m 26s,10m 29s,[Untranscribed],2.72,626.82,629.54,98,,,,,,,
teacher,10m 29s,10m 31s,That's what we have on the next part.,1.92,629.54,631.46,99,,,,,,,
teacher,10m 31s,10m 32s,,0.8,631.46,632.26,99,,,,,,,
teacher,10m 32s,10m 33s,It's right here.,0.96,632.26,633.22,99,,,,,,,
teacher,10m 33s,10m 33s,,0.72,633.22,633.94,99,,,,,,,
teacher,10m 33s,10m 34s,Okay.,0.64,633.94,634.58,99,,,,,,,
teacher,10m 34s,10m 36s,So these are the things you need to remember.,2.08,634.58,636.66,99,,,,,,,
student,10m 36s,10m 37s,[Untranscribed],1.05,636.66,637.71,100,,,,,,,
teacher,10m 37s,10m 41s,Never send compromising images of yourself.,3.84,637.71,641.55,101,,,,,,,
student,10m 41s,10m 42s,[Untranscribed],1.44,641.55,642.99,102,,,,,,,
teacher,10m 42s,10m 44s,Do not do what?,1.44,642.99,644.43,103,1,,,,,,
teacher,10m 44s,10m 45s,,0.64,644.43,645.07,103,,,,,,,
teacher,10m 45s,10m 47s,Open open attachments.,2.24,645.07,647.31,103,,,,,,,
student,10m 47s,10m 48s,[Untranscribed],1.2,647.31,648.51,104,,,,,,,
teacher,10m 48s,10m 51s,"If you don't know them, don't open the attachment.",2.56,648.51,651.07,105,,,,,,,
teacher,10m 51s,10m 51s,,0.32,651.07,651.39,105,,,,,,,
teacher,10m 51s,10m 52s,"In fact, just delete it.",1.44,651.39,652.83,105,,,,,,,
teacher,10m 52s,10m 54s,,1.44,652.83,654.27,105,,,,,,,
teacher,10m 54s,10m 56s,Turn off devices when you're not using them.,2.64,654.27,656.91,105,,,,,,,
teacher,10m 56s,10m 57s,,0.72,656.91,657.63,105,,,,,,,
teacher,10m 57s,11m 3s,"If you're receiving threats, the perpetrator is most likely an adult, so someone over 18.",6.31,657.63,663.94,105,,,,,,,
student,11m 3s,11m 5s,[Untranscribed],1.36,663.94,665.3,106,,,,,,,
teacher,11m 5s,11m 10s,"So the big news here, tell an adult, and the adult should call the FBI.",5.44,665.3,670.74,107,,,,,,,
teacher,11m 10s,11m 13s,Or you can call the FBI yourself.,2.32,670.74,673.06,107,,,,,,,
teacher,11m 13s,11m 13s,,0.16,673.06,673.22,107,,,,,,,
teacher,11m 13s,11m 15s,"At the bottom, it's asking for the number.",2.0,673.22,675.22,107,,,,,,,
student,11m 15s,11m 16s,[Untranscribed],1.12,675.22,676.34,108,,,,,,,
teacher,11m 16s,11m 23s,So it's 1-800- call FBI and they don't think you put the hyphen in there on that.,7.2,676.34,683.54,109,,,,,,,
silence,11m 23s,11m 26s,,2.96,683.54,686.5,110,,,,,,,
teacher,11m 26s,11m 27s,Okay.,0.56,686.5,687.06,111,,,,,,,
teacher,11m 27s,11m 30s,And then these are things that we should know anyway.,3.12,687.06,690.18,111,,,,,,,
student,11m 30s,11m 31s,[Untranscribed],1.52,690.18,691.7,112,,,,,,,
teacher,11m 31s,11m 33s,So think before you post.,1.52,691.7,693.22,113,,,,,,,
student,11m 33s,11m 34s,[Untranscribed],1.68,693.22,694.9,114,,,,,,,
teacher,11m 34s,11m 35s,Think.,0.4,694.9,695.3,115,,,,,,,
teacher,11m 35s,11m 35s,,0.08,695.3,695.38,115,,,,,,,
teacher,11m 35s,11m 37s,Will this embarrass someone?,1.92,695.38,697.3,115,,,,,,,
teacher,11m 37s,11m 37s,,0.56,697.3,697.86,115,,,,,,,
teacher,11m 37s,11m 41s,"If you can answer yes to any of these, you don't want to post it.",3.76,697.86,701.62,115,,,,,,,
teacher,11m 41s,11m 43s,"Or if you can say, maybe don't post it.",2.32,701.62,703.94,115,,,,,,,
teacher,11m 43s,11m 44s,,0.8,703.94,704.74,115,,,,,,,
teacher,11m 44s,11m 46s,Does it portray someone negatively?,2.24,704.74,706.98,115,,,,,,,
teacher,11m 46s,11m 48s,,1.36,706.98,708.34,115,,,,,,,
teacher,11m 48s,11m 51s,Would I want someone to post this about me?,2.72,708.34,711.06,115,,,,,,,
student,11m 51s,11m 52s,[Untranscribed],1.76,711.06,712.82,116,,,,,,,
teacher,11m 52s,11m 54s,Would I want my mom?,1.76,712.82,714.58,117,,,,,,,
teacher,11m 54s,11m 57s,What would my mom think if she saw this?,2.57,714.58,717.15,117,,,,,,,
teacher,11m 57s,11m 58s,,0.96,717.15,718.11,117,,,,,,,
teacher,11m 58s,12m 1s,Is this the impression I want to convey to others?,3.2,718.11,721.31,117,,,,,,,
teacher,12m 1s,12m 2s,,0.96,721.31,722.27,117,,,,,,,
teacher,12m 2s,12m 5s,Would I want a future employer or coach to see this?,3.44,722.27,725.71,117,,,,,,,
teacher,12m 5s,12m 6s,,0.96,725.71,726.67,117,,,,,,,
teacher,12m 6s,12m 10s,And would I want this online 20 years from now?,3.6,726.67,730.27,117,,,,,,,
teacher,12m 10s,12m 10s,,0.72,730.27,730.99,117,,,,,,,
teacher,12m 10s,12m 12s,So some of these are not.,1.2,730.99,732.19,117,,,,,,,
teacher,12m 12s,12m 12s,Yes.,0.4,732.19,732.59,117,,,,,,,
teacher,12m 12s,12m 13s,,0.56,732.59,733.15,117,,,,,,,
teacher,12m 13s,12m 17s,"So if you can say yes to some of them, then yes, post it.",3.92,733.15,737.07,117,,,,,,,
teacher,12m 17s,12m 17s,,0.88,737.07,737.95,117,,,,,,,
teacher,12m 17s,12m 19s,"But some of them, no.",1.6,737.95,739.55,117,,,,,,,
teacher,12m 19s,12m 20s,,0.8,739.55,740.35,117,,,,,,,
teacher,12m 20s,12m 22s,"Like, will it embarrass someone?",1.76,740.35,742.11,117,,,,,,,
teacher,12m 22s,12m 22s,,0.35,742.11,742.46,117,,,,,,,
teacher,12m 22s,12m 23s,If you can Say no to that one.,1.44,742.46,743.9,117,,,,,,,
teacher,12m 23s,12m 24s,,0.24,743.9,744.14,117,,,,,,,
teacher,12m 24s,12m 27s,"Obviously, it might be okay to post.",3.2,744.14,747.34,117,,,,,,,
teacher,12m 27s,12m 27s,,0.152,747.34,747.492,117,,,,,,,
silence,12m 27s,12m 29s,,2.168,747.492,749.66,118,,,,,,,
teacher,12m 29s,12m 31s,"Okay, think before you post.",1.64,749.66,751.3,119,,,,,,,
teacher,12m 31s,12m 39s,We're going to tell some real stories about consequences that people receive because of stupid posts.,8.44,751.3,759.74,119,,,,,,,
teacher,12m 39s,12m 40s,,0.72,759.74,760.46,119,,,,,,,
teacher,12m 40s,12m 42s,"So, one, losing scholarships.",2.48,760.46,762.94,119,,,,,,,
teacher,12m 42s,12m 43s,,0.48,762.94,763.42,119,,,,,,,
teacher,12m 43s,12m 44s,"Two, losing friends.",1.44,763.42,764.86,119,,,,,,,
teacher,12m 44s,12m 45s,,0.8,764.86,765.66,119,,,,,,,
teacher,12m 45s,12m 47s,"Three, losing your job.",1.68,765.66,767.34,119,,,,,,,
student,12m 47s,12m 48s,[Untranscribed],1.13,767.34,768.47,120,,,,,,,
teacher,12m 48s,12m 51s,"Four, looking stupid in front of your family and friends.",3.44,768.47,771.91,121,,,,,,,
student,12m 51s,12m 53s,[Untranscribed],1.12,771.91,773.03,122,,,,,,,
teacher,12m 53s,12m 55s,"Five, loss of relationships.",2.16,773.03,775.19,123,,,,,,,
teacher,12m 55s,12m 55s,,0.72,775.19,775.91,123,,,,,,,
teacher,12m 55s,12m 59s,"Six, loss of freedom if you post illegal activities.",3.68,775.91,779.59,123,,,,,,,
teacher,12m 59s,13m 0s,,0.96,779.59,780.55,123,,,,,,,
teacher,13m 0s,13m 12s,"And then whenever you have an online presence, which means you have an account, you are making yourself vulnerable to cyberbullying, sex, torture, and predators.",12.0,780.55,792.55,123,,,,,,,
student,13m 12s,13m 13s,[Untranscribed],1.05,792.55,793.6,124,,,,,,,
teacher,13m 13s,13m 13s,Okay.,0.36,793.6,793.96,125,,,,,,,
teacher,13m 13s,13m 16s,And then posting stupid things.,2.52,793.96,796.48,125,,,,,,,
teacher,13m 16s,13m 17s,,0.64,796.48,797.12,125,,,,,,,
teacher,13m 17s,13m 20s,Things could leave an unfavorable impression.,2.96,797.12,800.08,125,,,,,,,
student,13m 20s,13m 21s,[Untranscribed],1.52,800.08,801.6,126,,,,,,,
teacher,13m 21s,13m 23s,"Okay, so here's the real stories.",1.92,801.6,803.52,127,,,,,,,
student,13m 23s,13m 24s,[Untranscribed],1.28,803.52,804.8,128,,,,,,,
teacher,13m 24s,13m 38s,Alex had just been hired as editor in chief of teen Vogue in 2019 when a series of racist tweets against Asians she posted back in 2011 resurfaced.,13.44,804.8,818.24,129,,,,,,,
teacher,13m 38s,13m 38s,,0.32,818.24,818.56,129,,,,,,,
teacher,13m 38s,13m 40s,How many years was that?,1.88,818.56,820.44,129,1,,,,,,
teacher,13m 40s,13m 40s,,0.16,820.44,820.6,129,,,,,,,
teacher,13m 40s,13m 41s,Eight.,0.4,820.6,821.0,129,,,,,,,
teacher,13m 41s,13m 41s,,0.88,821.0,821.88,129,,,,,,,
teacher,13m 41s,13m 42s,Eight years.,0.72,821.88,822.6,129,,,,,,,
teacher,13m 42s,13m 43s,,0.8,822.6,823.4,129,,,,,,,
teacher,13m 43s,13m 45s,That's a lot of years.,1.6,823.4,825.0,129,,,,,,,
teacher,13m 45s,13m 45s,,0.64,825.0,825.64,129,,,,,,,
teacher,13m 45s,13m 53s,Although she deleted them and issued a public apology and worked on campaigns for marginalized voices.,7.68,825.64,833.32,129,,,,,,,
teacher,13m 53s,13m 53s,,0.16,833.32,833.48,129,,,,,,,
teacher,13m 53s,13m 54s,What happened to her judge?,1.36,833.48,834.84,129,1,,,,,,
teacher,13m 54s,13m 55s,,0.799,834.84,835.639,129,,,,,,,
teacher,13m 55s,13m 56s,She was fired.,1.201,835.639,836.84,129,,,,,,,
teacher,13m 56s,13m 57s,,0.64,836.84,837.48,129,,,,,,,
teacher,13m 57s,14m 4s,"Eight years have gone by, and she was fired for something she posted eight years before the lessons.",6.88,837.48,844.36,129,,,,,,,
teacher,14m 4s,14m 4s,,0.16,844.36,844.52,129,,,,,,,
teacher,14m 4s,14m 12s,"Tweets can be reshared long after they've been deleted, and the risk of keeping evidence is more likely the higher you go.",8.37,844.52,852.89,129,,,,,,,
silence,14m 12s,14m 15s,,2.32,852.89,855.21,130,,,,,,,
teacher,14m 15s,14m 16s,"Okay, the next one.",1.16,855.21,856.37,131,,,,,,,
teacher,14m 16s,14m 32s,"Spike Lee was sued by an elderly couple from Florida after he incorrectly retweeted their address as that of Trayvon Martin shooter George Zimmerman, causing the residents to receive.",16.34,856.37,872.71,131,,,,,,,
teacher,14m 32s,14m 32s,,0.07,872.71,872.78,131,,,,,,,
teacher,14m 32s,14m 35s,Receive numerous death threats.,2.24,872.78,875.02,131,,,,,,,
teacher,14m 35s,14m 35s,,0.8,875.02,875.82,131,,,,,,,
teacher,14m 35s,14m 36s,The lesson.,0.88,875.82,876.7,131,,,,,,,
teacher,14m 36s,14m 37s,,0.48,876.7,877.18,131,,,,,,,
teacher,14m 37s,14m 38s,"Yes, you can be what?",1.52,877.18,878.7,131,1,,,,,,
student,14m 38s,14m 40s,[Untranscribed],1.84,878.7,880.54,132,,,,,,,
teacher,14m 40s,14m 50s,"Posting personal information about others is called doxing, and while not illegal, can lead to illegal activities that could get you into trouble.",10.08,880.54,890.62,133,,,,,,,
student,14m 50s,14m 51s,[Untranscribed],1.2,890.62,891.82,134,,,,,,,
teacher,14m 51s,14m 55s,"Okay, this one I'm not going to read.",3.24,891.82,895.06,135,,,,,,,
teacher,14m 55s,14m 56s,This is just more insensitive.,1.72,895.06,896.78,135,,,,,,,
teacher,14m 56s,14m 57s,,0.64,896.78,897.42,135,,,,,,,
teacher,14m 57s,15m 8s,"This girl dressed up as a Boston Marathon victim right after the Boston Marathon, and she went to work dressed this way.",10.8,897.42,908.22,135,,,,,,,
teacher,15m 8s,15m 23s,"And she may have been okay if she just went to work, but then she posted it, and people got really upset because of her insensitivity, and her parents ended up actually getting death threats over this.",15.16,908.22,923.38,135,,,,,,,
teacher,15m 23s,15m 23s,,0.4,923.38,923.78,135,,,,,,,
teacher,15m 23s,15m 25s,So you have to be careful.,1.28,923.78,925.06,135,,,,,,,
teacher,15m 25s,15m 25s,,0.29,925.06,925.35,135,,,,,,,
teacher,15m 25s,15m 28s,"Yeah, that seems bizarre, right?",2.8,925.35,928.15,135,,,,,,,
teacher,15m 28s,15m 29s,That's crappy.,1.12,928.15,929.27,135,,,,,,,
teacher,15m 29s,15m 29s,,0.24,929.27,929.51,135,,,,,,,
teacher,15m 29s,15m 29s,Yeah.,0.44,929.51,929.95,135,,,,,,,
teacher,15m 29s,15m 30s,So be careful.,0.92,929.95,930.87,135,,,,,,,
teacher,15m 30s,15m 31s,,0.48,930.87,931.35,135,,,,,,,
teacher,15m 31s,15m 32s,"Okay, here's another one.",1.28,931.35,932.63,135,,,,,,,
teacher,15m 32s,15m 35s,"This is a teenager, Carly Hay.",2.88,932.63,935.51,135,,,,,,,
teacher,15m 35s,15m 42s,She was Miss Teen USA and on top of the world until racist tweets she sent out how many years earlier?,7.44,935.51,942.95,135,,,,,,,
teacher,15m 42s,15m 43s,,0.24,942.95,943.19,135,,,,,,,
teacher,15m 43s,15m 43s,Two.,0.4,943.19,943.59,135,,,,,,,
teacher,15m 43s,15m 43s,,0.24,943.59,943.83,135,,,,,,,
teacher,15m 43s,15m 47s,Two years earlier came to light as soon as she was crowned.,4.08,943.83,947.91,135,,,,,,,
teacher,15m 47s,15m 51s,Offended Twitter users sent about screenshots of her old tweets.,3.61,947.91,951.52,135,,,,,,,
teacher,15m 51s,15m 51s,,0.24,951.52,951.76,135,,,,,,,
teacher,15m 51s,15m 53s,What happened to her crown?,1.6,951.76,953.36,135,,,,,,,
teacher,15m 53s,15m 53s,,0.08,953.36,953.44,135,,,,,,,
teacher,15m 53s,15m 54s,Let's take it away from you.,1.28,953.44,954.72,135,,,,,,,
teacher,15m 54s,15m 55s,She lost it.,0.8,954.72,955.52,135,,,,,,,
teacher,15m 55s,15m 56s,,0.88,955.52,956.4,135,,,,,,,
teacher,15m 56s,16m 0s,"So the lesson, it doesn't matter if you wrote it a long time ago.",3.68,956.4,960.08,135,,,,,,,
teacher,16m 0s,16m 0s,,0.8,960.08,960.88,135,,,,,,,
teacher,16m 0s,16m 5s,"People can screenshot it, People can save it, reshare it.",4.32,960.88,965.2,135,,,,,,,
teacher,16m 5s,16m 5s,,0.32,965.2,965.52,135,,,,,,,
teacher,16m 5s,16m 7s,Be careful with what you post.,1.68,965.52,967.2,135,,,,,,,
teacher,16m 7s,16m 7s,,0.055,967.2,967.255,135,,,,,,,
silence,16m 7s,16m 9s,,2.425,967.255,969.68,136,,,,,,,
teacher,16m 9s,16m 13s,"Okay, this one is a lady named Naomi,",3.84,969.68,973.52,137,,,,,,,
teacher,16m 13s,16m 13s,,0.097,973.52,973.617,137,,,,,,,
silence,16m 13s,16m 16s,,2.886,973.617,976.503,138,,,,,,,
student,16m 16s,16m 18s,[Untranscribed],2.307,976.503,978.81,139,,,,,,,
teacher,16m 18s,16m 22s,and she announced her NASA internship online.,3.28,978.81,982.09,140,,,,,,,
teacher,16m 22s,16m 22s,,0.72,982.09,982.81,140,,,,,,,
teacher,16m 22s,16m 25s,"In doing so, she used the F word.",2.96,982.81,985.77,140,,,,,,,
teacher,16m 25s,16m 26s,,0.96,985.77,986.73,140,,,,,,,
teacher,16m 26s,16m 34s,"Someone responded language to her tweet, to which she gave another even more vulgar response.",7.76,986.73,994.49,140,,,,,,,
teacher,16m 34s,16m 35s,,0.8,994.49,995.29,140,,,,,,,
teacher,16m 35s,16m 36s,His response?,1.12,995.29,996.41,140,,,,,,,
teacher,16m 36s,16m 37s,,0.96,996.41,997.37,140,,,,,,,
teacher,16m 37s,16m 41s,I am the National Space Council that oversees NASA.,4.49,997.37,1001.86,140,,,,,,,
student,16m 41s,16m 43s,[Untranscribed],1.35,1001.86,1003.21,141,,,,,,,
teacher,16m 43s,16m 44s,So here's the lesson.,1.12,1003.21,1004.33,142,,,,,,,
student,16m 44s,16m 46s,[Untranscribed],2.48,1004.33,1006.81,143,,,,,,,
teacher,16m 46s,16m 50s,"And that's a pretty cool internship to have at NASA, right?",3.4,1006.81,1010.21,144,,,,,,,
teacher,16m 50s,16m 51s,"Yep, yep.",1.44,1010.21,1011.65,144,,,,,,,
teacher,16m 51s,16m 52s,She said bye bye to him.,1.32,1011.65,1012.97,144,,,,,,,
student,16m 52s,16m 53s,So what did she say?,0.96,1012.97,1013.93,145,,,,,,,
student,16m 53s,16m 54s,,0.32,1013.93,1014.25,145,,,,,,,
teacher,16m 54s,16m 55s,She used the F word.,1.48,1014.25,1015.73,146,,,,,,,
teacher,16m 55s,17m 0s,And then it said she used even more vulgar language in the response.,4.84,1015.73,1020.57,146,,,,,,,
teacher,17m 0s,17m 1s,,0.56,1020.57,1021.13,146,,,,,,,
teacher,17m 1s,17m 5s,And she just happened to be responding to the National Space Council.,4.56,1021.13,1025.69,146,,,,,,,
teacher,17m 5s,17m 5s,,0.16,1025.69,1025.85,146,,,,,,,
teacher,17m 5s,17m 6s,"Yes, they did.",0.72,1025.85,1026.57,146,,,,,,,
teacher,17m 6s,17m 9s,But even then they could look up and they could see her language.,3.0,1026.57,1029.57,146,,,,,,,
teacher,17m 9s,17m 11s,Not be impressed with it.,1.48,1029.57,1031.05,146,,,,,,,
teacher,17m 11s,17m 11s,Shuck.,0.52,1031.05,1031.57,146,,,,,,,
teacher,17m 11s,17m 11s,,0.32,1031.57,1031.89,146,,,,,,,
teacher,17m 11s,17m 14s,And they don't have to take her.,2.64,1031.89,1034.53,146,,,,,,,
teacher,17m 14s,17m 15s,,1.12,1034.53,1035.65,146,,,,,,,
teacher,17m 15s,17m 16s,So the lesson.,0.92,1035.65,1036.57,146,,,,,,,
teacher,17m 16s,17m 21s,"You may hear curse words in the hall and think nothing of it, but your job might.",4.84,1036.57,1041.41,146,,,,,,,
teacher,17m 21s,17m 21s,,0.56,1041.41,1041.97,146,,,,,,,
teacher,17m 21s,17m 26s,Vulgar language never wins points with people giving you a paycheck.,4.08,1041.97,1046.05,146,,,,,,,
teacher,17m 26s,17m 26s,,0.16,1046.05,1046.21,146,,,,,,,
teacher,17m 26s,17m 28s,And you never know who's watching.,1.84,1046.21,1048.05,146,,,,,,,
teacher,17m 28s,17m 28s,,0.8,1048.05,1048.85,146,,,,,,,
teacher,17m 28s,17m 41s,"Okay, this one was a preschool teacher and she was fired after she was out and on a TikTok for having an open fans account and filmed risque content at her work.",12.57,1048.85,1061.42,146,,,,,,,
teacher,17m 41s,17m 42s,,0.88,1061.42,1062.3,146,,,,,,,
teacher,17m 42s,17m 48s,"The woman posted it herself on a public forum, but was somehow surprised she'd been caught.",6.48,1062.3,1068.78,146,,,,,,,
student,17m 48s,17m 50s,[Untranscribed],1.28,1068.78,1070.06,147,,,,,,,
teacher,17m 50s,17m 52s,The lesson Keep your workplace out of it.,2.76,1070.06,1072.82,148,,,,,,,
teacher,17m 52s,18m 0s,"The company you work for is affected in your actions, and if you make them look bad, you'll lose your job.",7.24,1072.82,1080.06,148,,,,,,,
teacher,18m 0s,18m 0s,,0.56,1080.06,1080.62,148,,,,,,,
teacher,18m 0s,18m 4s,"If you're working with kids, you're going to lose your livelihood.",3.72,1080.62,1084.34,148,,,,,,,
student,18m 4s,18m 5s,[Untranscribed],1.04,1084.34,1085.38,149,,,,,,,
teacher,18m 5s,18m 6s,"Okay, then this one.",1.12,1085.38,1086.5,150,,,,,,,
teacher,18m 6s,18m 8s,There are a lot of stories.,1.8,1086.5,1088.3,150,,,,,,,
teacher,18m 8s,18m 10s,This one is just a more recent one.,2.04,1088.3,1090.34,150,,,,,,,
teacher,18m 10s,18m 11s,,0.72,1090.34,1091.06,150,,,,,,,
teacher,18m 11s,18m 14s,"In 2022, University of Florida rescinded.",3.52,1091.06,1094.58,150,,,,,,,
teacher,18m 14s,18m 14s,,0.08,1094.58,1094.66,150,,,,,,,
teacher,18m 14s,18m 27s,"So this kid already had a football scholarship, but they took it back after a player for a player for using the N word while rapping along with the song.",12.4,1094.66,1107.06,150,,,,,,,
teacher,18m 27s,18m 27s,,0.24,1107.06,1107.3,150,,,,,,,
teacher,18m 27s,18m 29s,Rapping along with it.,1.75,1107.3,1109.05,150,,,,,,,
teacher,18m 29s,18m 30s,,0.95,1109.05,1110.0,150,,,,,,,
teacher,18m 30s,18m 33s,He filmed himself singing along with the music and posted it.,3.84,1110.0,1113.84,150,,,,,,,
student,18m 33s,18m 35s,[Untranscribed],1.6,1113.84,1115.44,151,,,,,,,
teacher,18m 35s,18m 41s,The lesson Coaches are watching you and your social media carefully.,5.92,1115.44,1121.36,152,,,,,,,
teacher,18m 41s,18m 45s,They don't want reckless athletes that will cause scandals for the team.,4.32,1121.36,1125.68,152,,,,,,,
student,18m 45s,18m 46s,[Untranscribed],1.12,1125.68,1126.8,153,,,,,,,
teacher,18m 46s,18m 48s,"So once again, be careful.",1.6,1126.8,1128.4,154,,,,,,,
teacher,18m 48s,18m 48s,,0.08,1128.4,1128.48,154,,,,,,,
teacher,18m 48s,18m 50s,Think twice before you post.,1.56,1128.48,1130.04,154,,,,,,,
teacher,18m 50s,18m 53s,"These are all true stories, okay?",3.12,1130.04,1133.16,154,,,,,,,
teacher,18m 53s,18m 54s,Things you need to think about.,1.4,1133.16,1134.56,154,,,,,,,
teacher,18m 54s,18m 54s,,0.08,1134.56,1134.64,154,,,,,,,
teacher,18m 54s,18m 55s,Do not trust.,0.93,1134.64,1135.57,154,,,,,,,
teacher,18m 55s,18m 55s,,0.15,1135.57,1135.72,154,,,,,,,
teacher,18m 55s,18m 56s,Crash your job online.,1.04,1135.72,1136.76,154,,,,,,,
teacher,18m 56s,18m 57s,,0.88,1136.76,1137.64,154,,,,,,,
teacher,18m 57s,19m 2s,Do not announce or show yourself doing anything illegal.,4.48,1137.64,1142.12,154,,,,,,,
teacher,19m 2s,19m 3s,,0.88,1142.12,1143.0,154,,,,,,,
teacher,19m 3s,19m 8s,"Don't announce bad behavior, especially if you're a respected person of authority.",5.2,1143.0,1148.2,154,,,,,,,
teacher,19m 8s,19m 9s,,0.96,1148.2,1149.16,154,,,,,,,
teacher,19m 9s,19m 11s,Keep your account straight.,1.84,1149.16,1151.0,154,,,,,,,
teacher,19m 11s,19m 11s,,0.96,1151.0,1151.96,154,,,,,,,
teacher,19m 11s,19m 15s,Don't post personal stuff on business accounts.,3.04,1151.96,1155.0,154,,,,,,,
teacher,19m 15s,19m 15s,,0.96,1155.0,1155.96,154,,,,,,,
teacher,19m 15s,19m 20s,Don't post photos of strangers and publicly shame them.,4.16,1155.96,1160.12,154,,,,,,,
teacher,19m 20s,19m 20s,,0.8,1160.12,1160.92,154,,,,,,,
teacher,19m 20s,19m 29s,"Don't let your biases keep you from having empathy, even if it's a line, a famous line from a TV show.",8.13,1160.92,1169.05,154,,,,,,,
teacher,19m 29s,19m 29s,,0.56,1169.05,1169.61,154,,,,,,,
teacher,19m 29s,19m 31s,Not everyone's going to recognize it.,2.08,1169.61,1171.69,154,,,,,,,
teacher,19m 31s,19m 35s,"So you might think it's funny, your friend group might think it's funny.",4.08,1171.69,1175.77,154,,,,,,,
teacher,19m 35s,19m 36s,,0.24,1175.77,1176.01,154,,,,,,,
teacher,19m 36s,19m 42s,"But if you know that other people aren't going to get the meaning of it or may not get the meaning, you don't want to do it.",6.16,1176.01,1182.17,154,,,,,,,
teacher,19m 42s,19m 43s,"Okay, back to the assignment.",1.44,1182.17,1183.61,154,,,,,,,
teacher,19m 43s,19m 43s,,0.16,1183.61,1183.77,154,,,,,,,
teacher,19m 43s,19m 44s,This is the last slide.,1.04,1183.77,1184.81,154,,,,,,,
teacher,19m 44s,19m 45s,I hope you're done.,0.8,1184.81,1185.61,154,,,,,,,
student,19m 45s,19m 46s,[Untranscribed],1.2,1185.61,1186.81,155,,,,,,,
teacher,19m 46s,19m 48s,"Okay, last one.",2.0,1186.81,1188.81,156,,,,,,,
teacher,19m 48s,19m 50s,Online challenges.,1.27,1188.81,1190.08,156,,,,,,,
teacher,19m 50s,19m 50s,,0.79,1190.08,1190.87,156,,,,,,,
teacher,19m 50s,19m 59s,"In 2019, a brilliant teen decided to lick the top of the tub of ice cream and then put it back.",8.96,1190.87,1199.83,156,,,,,,,
student,19m 59s,20m 1s,[Untranscribed],1.36,1199.83,1201.19,157,,,,,,,
teacher,20m 1s,20m 4s,Then she posted it on social media.,2.96,1201.19,1204.15,158,,,,,,,
student,20m 4s,20m 6s,[Untranscribed],2.4,1204.15,1206.55,159,,,,,,,
teacher,20m 6s,20m 11s,So the only reason she didn't get a 20 year sentence was because she's a teen.,5.28,1206.55,1211.83,160,,,,,,,
teacher,20m 11s,20m 12s,,0.32,1211.83,1212.15,160,,,,,,,
teacher,20m 12s,20m 15s,But she did have to go through the juvenile justice system.,3.44,1212.15,1215.59,160,,,,,,,
teacher,20m 15s,20m 15s,,0.17,1215.59,1215.76,160,,,,,,,
teacher,20m 15s,20m 16s,Them.,0.24,1215.76,1216.0,160,,,,,,,
teacher,20m 16s,20m 17s,,1.28,1216.0,1217.28,160,,,,,,,
teacher,20m 17s,20m 19s,"Now, there was something good that came from this.",2.56,1217.28,1219.84,160,,,,,,,
teacher,20m 19s,20m 20s,,0.64,1219.84,1220.48,160,,,,,,,
teacher,20m 20s,20m 25s,"Back in 2019, we did not have the plastic ceiling around ice cream.",4.88,1220.48,1225.36,160,,,,,,,
teacher,20m 25s,20m 25s,,0.48,1225.36,1225.84,160,,,,,,,
student,20m 25s,20m 28s,"Wait, you have plastic ceilings for ice cream?",2.52,1225.84,1228.36,161,,,,,,,
teacher,20m 28s,20m 29s,So now we do.,1.52,1228.36,1229.88,162,,,,,,,
teacher,20m 29s,20m 31s,So go look at the ice cream.,1.32,1229.88,1231.2,162,,,,,,,
teacher,20m 31s,20m 34s,You're going to see plastic that you have to take off before you can open it.,3.52,1231.2,1234.72,162,,,,,,,
student,20m 34s,20m 36s,[Untranscribed],1.76,1234.72,1236.48,163,,,,,,,
teacher,20m 36s,20m 40s,"So before that, they didn't have that so people could open it like she did.",4.0,1236.48,1240.48,164,,,,,,,
teacher,20m 40s,20m 41s,,0.89,1240.48,1241.37,164,,,,,,,
teacher,20m 41s,20m 43s,"Take off the top, take a bite or two.",2.12,1241.37,1243.49,164,,,,,,,
teacher,20m 43s,20m 46s,"In this case, lick it, put it back.",2.52,1243.49,1246.01,164,,,,,,,
teacher,20m 46s,20m 49s,Nobody's gonna know at that point.,3.12,1246.01,1249.13,164,,,,,,,
teacher,20m 49s,20m 49s,,0.08,1249.13,1249.21,164,,,,,,,
teacher,20m 49s,20m 52s,"But of course they found out, because what does she do?",2.96,1249.21,1252.17,164,1,,,,,,
student,20m 52s,20m 55s,She posted dudes.,3.12,1252.17,1255.29,165,,,,,,,
student,20m 55s,20m 55s,,0.48,1255.29,1255.77,165,,,,,,,
teacher,20m 55s,20m 57s,And think about the online challenges.,2.16,1255.77,1257.93,166,,,,,,,
teacher,20m 57s,20m 58s,,0.4,1257.93,1258.33,166,,,,,,,
teacher,20m 58s,21m 2s,People are posting themselves doing illegal things.,4.56,1258.33,1262.89,166,,,,,,,
teacher,21m 2s,21m 3s,,0.8,1262.89,1263.69,166,,,,,,,
student,21m 3s,21m 4s,"Oh, yeah, this is.",1.2,1263.69,1264.89,167,,,,,,,
student,21m 4s,21m 5s,That was.,0.56,1264.89,1265.45,167,,,,,,,
student,21m 5s,21m 5s,,0.16,1265.45,1265.61,167,,,,,,,
student,21m 5s,21m 6s,This was a trend.,1.04,1265.61,1266.65,167,,,,,,,
student,21m 6s,21m 7s,,0.65,1266.65,1267.3,167,,,,,,,
teacher,21m 7s,21m 8s,"Yeah, it was a trend.",1.2,1267.3,1268.5,168,,,,,,,
teacher,21m 8s,21m 8s,,0.32,1268.5,1268.82,168,,,,,,,
teacher,21m 8s,21m 9s,It was a trend.,1.16,1268.82,1269.98,168,,,,,,,
teacher,21m 9s,21m 11s,You cannot take that back.,1.56,1269.98,1271.54,168,,,,,,,
teacher,21m 11s,21m 12s,,0.72,1271.54,1272.26,168,,,,,,,
teacher,21m 12s,21m 20s,So you might think it's funny and you might want to make your friends laugh and you might think you're popular because you're doing it.,8.08,1272.26,1280.34,168,,,,,,,
teacher,21m 20s,21m 20s,,0.48,1280.34,1280.82,168,,,,,,,
teacher,21m 20s,21m 22s,"No, you're not.",1.52,1280.82,1282.34,168,,,,,,,
student,21m 22s,21m 24s,[Untranscribed],1.84,1282.34,1284.18,169,,,,,,,
teacher,21m 24s,21m 24s,It doesn't matter.,0.8,1284.18,1284.98,170,,,,,,,
teacher,21m 24s,21m 26s,That was 2019.,1.04,1284.98,1286.02,170,,,,,,,
teacher,21m 26s,21m 26s,,0.24,1286.02,1286.26,170,,,,,,,
teacher,21m 26s,21m 28s,Remember what happened that very next year?,2.4,1286.26,1288.66,170,,,,,,,
teacher,21m 28s,21m 28s,,0.08,1288.66,1288.74,170,,,,,,,
teacher,21m 28s,21m 29s,2020.,0.72,1288.74,1289.46,170,,,,,,,
teacher,21m 29s,21m 29s,,0.32,1289.46,1289.78,170,,,,,,,
student,21m 29s,21m 31s,Death Covid.,1.28,1289.78,1291.06,171,,,,,,,
student,21m 31s,21m 31s,,0.08,1291.06,1291.14,171,,,,,,,
teacher,21m 31s,21m 31s,"Oh, yes.",0.64,1291.14,1291.78,172,,,,,,,
student,21m 31s,21m 33s,,1.77,1291.78,1293.55,173,,,,,,,
student,21m 33s,21m 34s,She started cooking.,0.96,1293.55,1294.51,173,,,,,,,
student,21m 34s,21m 34s,,0.16,1294.51,1294.67,173,,,,,,,
teacher,21m 34s,21m 36s,"Oh, no, she didn't start it.",1.76,1294.67,1296.43,174,,,,,,,
student,21m 36s,21m 37s,"Oh, no.",0.64,1296.43,1297.07,175,,,,,,,
student,21m 37s,21m 38s,,1.12,1297.07,1298.19,175,,,,,,,
teacher,21m 38s,21m 40s,"That does heighten things though, right?",2.0,1298.19,1300.19,176,,,,,,,
teacher,21m 40s,21m 40s,,0.16,1300.19,1300.35,176,,,,,,,
teacher,21m 40s,21m 42s,"Yes, that heightens this kind of stuff.",2.32,1300.35,1302.67,176,,,,,,,
teacher,21m 42s,21m 43s,,1.2,1302.67,1303.87,176,,,,,,,
teacher,21m 43s,21m 44s,Okay.,0.64,1303.87,1304.51,176,,,,,,,
teacher,21m 44s,21m 44s,,0.16,1304.51,1304.67,176,,,,,,,
teacher,21m 44s,21m 47s,Why do people participate in these challenges?,2.48,1304.67,1307.15,176,1,,1,1,,,
student,21m 47s,21m 50s,[Untranscribed],2.96,1307.15,1310.11,177,,,,,,,
teacher,21m 50s,21m 51s,Because they're idiots here.,1.52,1310.11,1311.63,178,,,,,,,
student,21m 51s,21m 52s,[Untranscribed],1.28,1311.63,1312.91,179,,,,,,,
teacher,21m 52s,21m 53s,Okay.,0.44,1312.91,1313.35,180,,,,,,,
teacher,21m 53s,21m 54s,Why else do you think they do it?,1.64,1313.35,1314.99,180,1,,,1,,,
teacher,21m 54s,21m 56s,I kind of gave the answers.,1.44,1314.99,1316.43,180,1,,,1,,,
student,21m 56s,22m 0s,,3.84,1316.43,1320.27,181,,,,,,,
student,22m 0s,22m 7s,"Like, the one guy, he still got in trouble because he did it, but he still, like, bought the ice cream after, like, recorded himself finding.",7.44,1320.27,1327.71,181,,,,,,,
student,22m 7s,22m 8s,,0.56,1327.71,1328.27,181,,,,,,,
teacher,22m 8s,22m 13s,But he still got in trouble for doing it because he was encouraging other people to do it.,5.36,1328.27,1333.63,182,,,,,,,
teacher,22m 13s,22m 20s,"But he wouldn't have gone to the juvenile justice system because he bought it when he was done, but posting it.",6.48,1333.63,1340.11,182,,,,,,,
student,22m 20s,22m 21s,[Untranscribed],1.44,1340.11,1341.55,183,,,,,,,
teacher,22m 21s,22m 23s,So why do people do it?,1.6,1341.55,1343.15,184,1,,1,1,,,
teacher,22m 23s,22m 23s,,0.215,1343.15,1343.365,184,,,,,,,
student,22m 23s,22m 26s,[Untranscribed],2.915,1343.365,1346.28,185,,,,,,,
teacher,22m 26s,22m 27s,Because they want attention.,1.04,1346.28,1347.32,186,,,,,,,
teacher,22m 27s,22m 27s,,0.16,1347.32,1347.48,186,,,,,,,
teacher,22m 27s,22m 28s,They want attention.,1.2,1347.48,1348.68,186,,,,,,,
teacher,22m 28s,22m 29s,,0.56,1348.68,1349.24,186,,,,,,,
teacher,22m 29s,22m 30s,Look at me.,0.88,1349.24,1350.12,186,,,,,,,
teacher,22m 30s,22m 30s,Good.,0.4,1350.12,1350.52,186,,,,,1,,
teacher,22m 30s,22m 30s,,0.16,1350.52,1350.68,186,,,,,1,,
teacher,22m 30s,22m 31s,What else?,0.72,1350.68,1351.4,186,1,,,1,1,,
student,22m 31s,22m 32s,[Untranscribed],1.12,1351.4,1352.52,187,,,,,,,
teacher,22m 32s,22m 33s,They want to be famous.,1.36,1352.52,1353.88,188,,,,,,,
teacher,22m 33s,22m 34s,,0.72,1353.88,1354.6,188,,,,,,,
student,22m 34s,22m 35s,Yeah.,0.48,1354.6,1355.08,189,,,,,,,
student,22m 35s,22m 37s,,2.56,1355.08,1357.64,189,,,,,,,
teacher,22m 37s,22m 38s,They want less.,0.8,1357.64,1358.44,190,,,,,,,
teacher,22m 38s,22m 39s,,0.64,1358.44,1359.08,190,,,,,,,
teacher,22m 39s,22m 40s,"Oh, they want a thrill.",1.28,1359.08,1360.36,190,,,,,,,
teacher,22m 40s,22m 42s,It kind of gives you a thrill.,1.68,1360.36,1362.04,190,,,,,,,
teacher,22m 42s,22m 43s,Your adrenaline rush type thing.,1.92,1362.04,1363.96,190,,,,,,,
teacher,22m 43s,22m 44s,Good.,0.4,1363.96,1364.36,190,,,,,1,,
teacher,22m 44s,22m 45s,,0.96,1364.36,1365.32,190,,,,,1,,
teacher,22m 45s,22m 45s,Okay.,0.6,1365.32,1365.92,190,,,,,1,,
teacher,22m 45s,22m 49s,And then how could this affect your digital footprint?,3.5,1365.92,1369.42,190,1,,,1,1,,
student,22m 49s,22m 52s,,2.71,1369.42,1372.13,191,,,,,,,
student,22m 52s,22m 53s,It goes on the track record.,1.36,1372.13,1373.49,191,,,,,,,
student,22m 53s,22m 54s,,0.8,1373.49,1374.29,191,,,,,,,
teacher,22m 54s,22m 54s,Yeah.,0.48,1374.29,1374.77,192,,,,,,,
teacher,22m 54s,22m 54s,,0.08,1374.77,1374.85,192,,,,,,,
teacher,22m 54s,22m 58s,It's going to be on your record for.,3.24,1374.85,1378.09,192,,,,,,,
teacher,22m 58s,22m 59s,People can look it up later.,1.48,1378.09,1379.57,192,,,,,,,
teacher,22m 59s,22m 59s,,0.08,1379.57,1379.65,192,,,,,,,
teacher,22m 59s,23m 1s,People can screenshot it.,1.48,1379.65,1381.13,192,,,,,,,
teacher,23m 1s,23m 1s,How else?,0.76,1381.13,1381.89,192,1,,,1,,,
student,23m 1s,23m 3s,[Untranscribed],1.2,1381.89,1383.09,193,,,,,,,
teacher,23m 3s,23m 4s,How could it affect you in the future?,1.68,1383.09,1384.77,194,1,,,1,,,
student,23m 4s,23m 8s,[Untranscribed],3.6,1384.77,1388.37,195,,,,,,,
teacher,23m 8s,23m 8s,Yeah.,0.44,1388.37,1388.81,196,,,,,,,
teacher,23m 8s,23m 9s,What job you get?,1.08,1388.81,1389.89,196,1,,,1,,,
teacher,23m 9s,23m 10s,,0.16,1389.89,1390.05,196,1,,,1,,,
teacher,23m 10s,23m 14s,"Scholarships, colleges, what else?",4.32,1390.05,1394.37,196,1,,,1,,,
student,23m 14s,23m 17s,[Untranscribed],2.89,1394.37,1397.26,197,,,,,,,
teacher,23m 17s,23m 17s,Yeah.,0.32,1397.26,1397.58,198,,,,,,,
student,23m 17s,23m 26s,[Untranscribed],9.28,1397.58,1406.86,199,,,,,,,
teacher,23m 26s,23m 28s,So relationships are big.,1.6,1406.86,1408.46,200,,,,,,,
teacher,23m 28s,23m 28s,,0.48,1408.46,1408.94,200,,,,,,,
teacher,23m 28s,23m 29s,Okay.,0.56,1408.94,1409.5,200,,,,,,,
teacher,23m 29s,23m 29s,,0.24,1409.5,1409.74,200,,,,,,,
teacher,23m 29s,23m 31s,Did you guys get the bottom part done?,1.68,1409.74,1411.42,200,,,,,,,
teacher,23m 31s,23m 31s,,0.4,1411.42,1411.82,200,,,,,,,
student,23m 31s,23m 40s,Yeah.,8.69,1411.82,1420.51,201,,,,,,,
student,23m 40s,23m 40s,,0.31,1420.51,1420.82,201,,,,,,,
teacher,23m 40s,23m 43s,1-800- call FBI.,2.64,1420.82,1423.46,202,,,,,,,
teacher,23m 43s,23m 44s,,0.64,1423.46,1424.1,202,,,,,,,
teacher,23m 44s,23m 44s,Okay.,0.44,1424.1,1424.54,202,,,,,,,
teacher,23m 44s,23m 45s,Raise your hand if you have any.,1.32,1424.54,1425.86,202,,,,,,,
student,23m 45s,23m 48s,[Untranscribed],3.12,1425.86,1428.98,203,,,,,,,
teacher,23m 48s,23m 50s,"Guys, we still have a test.",1.92,1428.98,1430.9,204,,,,,,,
student,23m 50s,23m 52s,[Untranscribed],1.68,1430.9,1432.58,205,,,,,,,
teacher,23m 52s,23m 55s,Raise your hand if you have any questions still.,2.8,1432.58,1435.38,206,,,,,,,
teacher,23m 55s,23m 55s,,0.16,1435.38,1435.54,206,,,,,,,
teacher,23m 55s,23m 56s,Okay.,0.48,1435.54,1436.02,206,,,,,,,
teacher,23m 56s,23m 56s,Question.,0.32,1436.02,1436.34,206,,,,,,,
student,23m 56s,24m 0s,[Untranscribed],4.64,1436.34,1440.98,207,,,,,,,
teacher,24m 0s,24m 4s,So the online challenge is just what you're going to.,3.2,1440.98,1444.18,208,,,,,,,
teacher,24m 4s,24m 5s,What you think.,0.96,1444.18,1445.14,208,,,,,,,
teacher,24m 5s,24m 5s,,0.64,1445.14,1445.78,208,,,,,,,
teacher,24m 5s,24m 8s,So there's no points to get it exactly right.,2.99,1445.78,1448.77,208,,,,,,,
teacher,24m 8s,24m 9s,,0.739,1448.77,1449.509,208,,,,,,,
student,24m 9s,24m 14s,[Untranscribed],5.181,1449.509,1454.69,209,,,,,,,
teacher,24m 14s,24m 15s,Okay.,0.44,1454.69,1455.13,210,,,,,,,
teacher,24m 15s,24m 20s,I'm going to read the bottom part to you and you can do that right after the test.,4.92,1455.13,1460.05,210,,,,,,,
student,24m 20s,24m 21s,[Untranscribed],1.12,1460.05,1461.17,211,,,,,,,
teacher,24m 21s,24m 21s,Okay.,0.48,1461.17,1461.65,212,,,,,,,
teacher,24m 21s,24m 24s,So go through the bottom part to make sure you have it correct.,3.2,1461.65,1464.85,212,,,,,,,
teacher,24m 24s,24m 25s,,0.48,1464.85,1465.33,212,,,,,,,
teacher,24m 25s,24m 31s,"And switch those out if you don't because some of them are like, oh, it could be this one or this one.",6.4,1465.33,1471.73,212,,,,,,,
student,24m 31s,24m 33s,[Untranscribed],1.6,1471.73,1473.33,213,,,,,,,
teacher,24m 33s,24m 34s,"Okay, so the first one.",1.27,1473.33,1474.6,214,,,,,,,
teacher,24m 34s,24m 34s,,0.39,1474.6,1474.99,214,,,,,,,
teacher,24m 34s,24m 37s,So we're doing the left hand side first.,2.48,1474.99,1477.47,214,,,,,,,
student,24m 37s,24m 38s,[Untranscribed],1.12,1477.47,1478.59,215,,,,,,,
teacher,24m 38s,24m 41s,The very bottom right below.,2.64,1478.59,1481.23,216,,,,,,,
teacher,24m 41s,24m 41s,,0.24,1481.23,1481.47,216,,,,,,,
teacher,24m 41s,24m 46s,"Before you post, a picture of you partying and drinking on the weekend.",4.96,1481.47,1486.43,216,,,,,,,
teacher,24m 46s,24m 46s,,0.24,1486.43,1486.67,216,,,,,,,
teacher,24m 46s,24m 48s,So the first one is stupid.,2.16,1486.67,1488.83,216,,,,,,,
teacher,24m 48s,24m 49s,,0.64,1488.83,1489.47,216,,,,,,,
teacher,24m 49s,24m 52s,Second One is that is an illegal activity.,2.8,1489.47,1492.27,216,,,,,,,
student,24m 52s,24m 53s,[Untranscribed],1.36,1492.27,1493.63,217,,,,,,,
teacher,24m 53s,24m 59s,"So line 41, a picture of your gym tattoo which is on your upper thigh.",5.44,1493.63,1499.07,218,,,,,,,
teacher,24m 59s,25m 0s,That's unwise.,1.12,1499.07,1500.19,218,,,,,,,
student,25m 0s,25m 1s,[Untranscribed],1.17,1500.19,1501.36,219,,,,,,,
teacher,25m 1s,25m 3s,An unfavorable impression.,1.84,1501.36,1503.2,220,,,,,,,
teacher,25m 3s,25m 4s,,0.88,1503.2,1504.08,220,,,,,,,
teacher,25m 4s,25m 6s,A picture of a girl like 42.,2.56,1504.08,1506.64,220,,,,,,,
teacher,25m 6s,25m 7s,,0.56,1506.64,1507.2,220,,,,,,,
teacher,25m 7s,25m 11s,A picture of a girl in your class slipping and salad dressing.,4.08,1507.2,1511.28,220,,,,,,,
teacher,25m 11s,25m 11s,,0.56,1511.28,1511.84,220,,,,,,,
teacher,25m 11s,25m 12s,Bad.,0.4,1511.84,1512.24,220,,,,,,,
teacher,25m 12s,25m 13s,,0.8,1512.24,1513.04,220,,,,,,,
teacher,25m 13s,25m 14s,And loss of friends.,1.36,1513.04,1514.4,220,,,,,,,
student,25m 14s,25m 16s,[Untranscribed],1.76,1514.4,1516.16,221,,,,,,,
teacher,25m 16s,25m 20s,A post about how stupid your boss at Olive Garden is.,4.16,1516.16,1520.32,222,,,,,,,
teacher,25m 20s,25m 20s,,0.64,1520.32,1520.96,222,,,,,,,
teacher,25m 20s,25m 21s,Rude.,0.72,1520.96,1521.68,222,,,,,,,
teacher,25m 21s,25m 22s,,0.72,1521.68,1522.4,222,,,,,,,
teacher,25m 22s,25m 23s,And loss of employment.,1.4,1522.4,1523.8,222,,,,,,,
teacher,25m 23s,25m 24s,Good.,0.36,1523.8,1524.16,222,,,,,,,
teacher,25m 24s,25m 24s,,0.64,1524.16,1524.8,222,,,,,,,
teacher,25m 24s,25m 31s,A post about how much you opposing team that should say how bad the opposing team was or how much they lost by.,6.94,1524.8,1531.74,222,,,,,,,
teacher,25m 31s,25m 32s,,0.48,1531.74,1532.22,222,,,,,,,
teacher,25m 32s,25m 33s,That's unwise.,1.2,1532.22,1533.42,222,,,,,,,
teacher,25m 33s,25m 33s,,0.4,1533.42,1533.82,222,,,,,,,
teacher,25m 33s,25m 36s,And that could lead to loss of scholarships.,2.96,1533.82,1536.78,222,,,,,,,
teacher,25m 36s,25m 37s,,0.96,1536.78,1537.74,222,,,,,,,
teacher,25m 37s,25m 42s,"Line 45, a post about how much you hate people of a certain faith.",5.04,1537.74,1542.78,222,,,,,,,
teacher,25m 42s,25m 43s,,0.64,1542.78,1543.42,222,,,,,,,
teacher,25m 43s,25m 44s,That's bad.,0.88,1543.42,1544.3,222,,,,,,,
teacher,25m 44s,25m 45s,,0.96,1544.3,1545.26,222,,,,,,,
teacher,25m 45s,25m 47s,And loss of scholarships.,1.92,1545.26,1547.18,222,,,,,,,
teacher,25m 47s,25m 48s,,1.12,1547.18,1548.3,222,,,,,,,
teacher,25m 48s,25m 50s,A post about what you ate for dinner.,2.56,1548.3,1550.86,222,,,,,,,
teacher,25m 50s,25m 51s,,0.16,1550.86,1551.02,222,,,,,,,
teacher,25m 51s,25m 54s,That's annoying and you're looking foolish.,3.48,1551.02,1554.5,222,,,,,,,
teacher,25m 54s,25m 55s,,0.88,1554.5,1555.38,222,,,,,,,
teacher,25m 55s,25m 59s,"Line 47, a post about how awesome your work team is.",4.32,1555.38,1559.7,222,,,,,,,
teacher,25m 59s,26m 0s,,0.56,1559.7,1560.26,222,,,,,,,
teacher,26m 0s,26m 2s,That's good and there's no harm.,2.48,1560.26,1562.74,222,,,,,,,
teacher,26m 2s,26m 2s,,0.237,1562.74,1562.977,222,,,,,,,
silence,26m 2s,26m 4s,,1.763,1562.977,1564.74,223,,,,,,,
teacher,26m 4s,26m 9s,"Line 48, a post about what a jerk your cousin is.",4.72,1564.74,1569.46,224,,,,,,,
student,26m 9s,26m 10s,[Untranscribed],1.28,1569.46,1570.74,225,,,,,,,
teacher,26m 10s,26m 15s,"Line 48, that's, well, unwise.",4.76,1570.74,1575.5,226,,,,,,,
teacher,26m 15s,26m 17s,"Could be a 2, but root, that's 1.",2.48,1575.5,1577.98,226,,,,,,,
student,26m 17s,26m 19s,[Untranscribed],1.11,1577.98,1579.09,227,,,,,,,
teacher,26m 19s,26m 22s,And could lead to loss of relationships.,3.04,1579.09,1582.13,228,,,,,,,
student,26m 22s,26m 24s,[Untranscribed],2.0,1582.13,1584.13,229,,,,,,,
teacher,26m 24s,26m 30s,"And then the line 49 on the left, a video of you blowing up mailboxes.",6.48,1584.13,1590.61,230,,,,,,,
teacher,26m 30s,26m 31s,,0.72,1590.61,1591.33,230,,,,,,,
teacher,26m 31s,26m 35s,That is stupid and it's illegal.,4.64,1591.33,1595.97,230,,,,,,,
teacher,26m 35s,26m 37s,Illegal activity.,1.2,1595.97,1597.17,230,,,,,,,
student,26m 37s,26m 38s,[Untranscribed],1.44,1597.17,1598.61,231,,,,,,,
teacher,26m 38s,26m 39s,Shucks.,0.8,1598.61,1599.41,232,,,,,,,
student,26m 39s,26m 40s,[Untranscribed],1.12,1599.41,1600.53,233,,,,,,,
teacher,26m 40s,26m 44s,"Okay, over on the right hand side, we will start with mine.",3.84,1600.53,1604.37,234,,,,,,,
teacher,26m 44s,26m 46s,,2.25,1604.37,1606.62,234,,,,,,,
teacher,26m 46s,26m 51s,So line 40 says a video of you receiving your diploma.,4.8,1606.62,1611.42,234,,,,,,,
teacher,26m 51s,26m 52s,,0.72,1611.42,1612.14,234,,,,,,,
teacher,26m 52s,26m 53s,So that's good.,1.2,1612.14,1613.34,234,,,,,1,,
student,26m 53s,26m 55s,[Untranscribed],1.84,1613.34,1615.18,235,,,,,,,
teacher,26m 55s,26m 56s,And no harm.,1.6,1615.18,1616.78,236,,,,,,,
teacher,26m 56s,26m 57s,,0.72,1616.78,1617.5,236,,,,,,,
student,26m 57s,26m 59s,[Untranscribed],1.84,1617.5,1619.34,237,,,,,,,
teacher,26m 59s,27m 5s,"Line 41, a long post listing everything you did that day.",5.92,1619.34,1625.26,238,,,,,,,
teacher,27m 5s,27m 5s,,0.4,1625.26,1625.66,238,,,,,,,
teacher,27m 5s,27m 6s,Unwise.,0.72,1625.66,1626.38,238,,,,,,,
student,27m 6s,27m 8s,[Untranscribed],1.76,1626.38,1628.14,239,,,,,,,
teacher,27m 8s,27m 9s,That was annoying.,1.2,1628.14,1629.34,240,,,,,,,
student,27m 9s,27m 10s,[Untranscribed],1.5,1629.34,1630.84,241,,,,,,,
teacher,27m 10s,27m 11s,And no harm.,0.96,1630.84,1631.8,242,,,,,,,
teacher,27m 11s,27m 13s,,1.28,1631.8,1633.08,242,,,,,,,
teacher,27m 13s,27m 18s,"Okay, line 42, a picture of you in front of your house.",5.68,1633.08,1638.76,242,,,,,,,
student,27m 18s,27m 20s,[Untranscribed],1.6,1638.76,1640.36,243,,,,,,,
teacher,27m 20s,27m 21s,Unwise.,0.72,1640.36,1641.08,244,,,,,1,,
teacher,27m 21s,27m 21s,,0.08,1641.08,1641.16,244,,,,,1,,
teacher,27m 21s,27m 21s,Good.,0.4,1641.16,1641.56,244,,,,,1,,
teacher,27m 21s,27m 22s,,0.48,1641.56,1642.04,244,,,,,1,,
teacher,27m 22s,27m 25s,And that makes you vulnerable to predators.,3.76,1642.04,1645.8,244,,,,,1,,
student,27m 25s,27m 27s,[Untranscribed],1.92,1645.8,1647.72,245,,,,,,,
teacher,27m 27s,27m 28s,Okay.,0.56,1647.72,1648.28,246,,,,,,,
teacher,27m 28s,27m 28s,,0.16,1648.28,1648.44,246,,,,,,,
teacher,27m 28s,27m 33s,"Line 43, a post of you singing karaoke.",4.56,1648.44,1653.0,246,,,,,,,
teacher,27m 33s,27m 34s,,1.36,1653.0,1654.36,246,,,,,,,
teacher,27m 34s,27m 35s,And your bag.,1.04,1654.36,1655.4,246,,,,,,,
teacher,27m 35s,27m 35s,,0.48,1655.4,1655.88,246,,,,,,,
teacher,27m 35s,27m 36s,That's your.,0.61,1655.88,1656.49,246,,,,,,,
teacher,27m 36s,27m 36s,,0.31,1656.49,1656.8,246,,,,,,,
teacher,27m 36s,27m 39s,"That's neutral, but you're just looking foolish.",2.96,1656.8,1659.76,246,,,,,,,
student,27m 39s,27m 41s,[Untranscribed],1.84,1659.76,1661.6,247,,,,,,,
teacher,27m 41s,27m 46s,"Line 44, a post of your sister picking her nose.",5.04,1661.6,1666.64,248,,,,,,,
teacher,27m 46s,27m 47s,,0.96,1666.64,1667.6,248,,,,,,,
teacher,27m 47s,27m 48s,That's rude.,0.88,1667.6,1668.48,248,,,,,,,
teacher,27m 48s,27m 50s,And good.,2.16,1668.48,1670.64,248,,,,,1,,
teacher,27m 50s,27m 51s,,0.48,1670.64,1671.12,248,,,,,,,
teacher,27m 51s,27m 52s,"Okay, the next one.",1.08,1671.12,1672.2,248,,,,,,,
teacher,27m 52s,27m 55s,"Line 45, a picture of you goofy, off at work.",3.56,1672.2,1675.76,248,,,,,,,
student,27m 55s,27m 56s,[Untranscribed],1.12,1675.76,1676.88,249,,,,,,,
teacher,27m 56s,27m 57s,Unwise.,0.8,1676.88,1677.68,250,,,,,,,
teacher,27m 57s,27m 59s,And good.,2.16,1677.68,1679.84,250,,,,,,,
teacher,27m 59s,28m 0s,,0.48,1679.84,1680.32,250,,,,,,,
teacher,28m 0s,28m 3s,A video of you complaining about your country.,2.72,1680.32,1683.04,250,,,,,,,
student,28m 3s,28m 5s,[Untranscribed],2.88,1683.04,1685.92,251,,,,,,,
teacher,28m 5s,28m 6s,Unwise.,0.56,1685.92,1686.48,252,,,,,,,
teacher,28m 6s,28m 7s,,0.88,1686.48,1687.36,252,,,,,,,
teacher,28m 7s,28m 10s,And it leaves an unfavorable impression.,2.8,1687.36,1690.16,252,,,,,,,
student,28m 10s,28m 12s,[Untranscribed],2.0,1690.16,1692.16,253,,,,,,,
teacher,28m 12s,28m 13s,"Okay, line 47.",1.6,1692.16,1693.76,254,,,,,,,
teacher,28m 13s,28m 13s,,0.08,1693.76,1693.84,254,,,,,,,
teacher,28m 13s,28m 16s,Opposed asking advice about your lawn.,3.04,1693.84,1696.88,254,,,,,,,
teacher,28m 16s,28m 16s,,0.08,1696.88,1696.96,254,,,,,,,
student,28m 16s,28m 17s,Good.,0.4,1696.96,1697.36,255,,,,,,,
student,28m 17s,28m 19s,,1.68,1697.36,1699.04,255,,,,,,,
teacher,28m 19s,28m 22s,So good would be a good answer.,3.16,1699.04,1702.2,256,,,,,1,,1
teacher,28m 22s,28m 23s,"But to get the points, put neutral.",1.72,1702.2,1703.92,256,,,,,,,
teacher,28m 23s,28m 24s,,0.48,1703.92,1704.4,256,,,,,,,
teacher,28m 24s,28m 26s,And what is the other part?,1.84,1704.4,1706.24,256,1,,,,,,
teacher,28m 26s,28m 26s,,0.24,1706.24,1706.48,256,,,,,,,
teacher,28m 26s,28m 27s,No harm.,0.72,1706.48,1707.2,256,,,,,,,
teacher,28m 27s,28m 27s,,0.16,1707.2,1707.36,256,,,,,,,
teacher,28m 27s,28m 27s,Good.,0.4,1707.36,1707.76,256,,,,,,,
teacher,28m 27s,28m 28s,No harm.,0.8,1707.76,1708.56,256,,,,,,,
teacher,28m 28s,28m 29s,,0.81,1708.56,1709.37,256,,,,,,,
teacher,28m 29s,28m 33s,"Line 48, a video of you doing your makeup and telling stories.",4.48,1709.37,1713.85,256,,,,,,,
student,28m 33s,28m 35s,[Untranscribed],1.84,1713.85,1715.69,257,,,,,,,
teacher,28m 35s,28m 37s,"Yeah, it does depend on the story.",1.76,1715.69,1717.45,258,,,,,,,
student,28m 37s,28m 42s,"So, like if it's a personal story about, like your specific classes and all that.",5.04,1717.45,1722.49,259,,,,,,,
student,28m 42s,28m 43s,,0.88,1722.49,1723.37,259,,,,,,,
teacher,28m 43s,28m 45s,So I didn't think about that.,1.919,1723.37,1725.289,260,,,,,,,
teacher,28m 45s,28m 45s,,0.081,1725.289,1725.37,260,,,,,,,
teacher,28m 45s,28m 47s,The answer for this is neutral.,1.84,1725.37,1727.21,260,,,,,,,
teacher,28m 47s,28m 47s,,0.64,1727.21,1727.85,260,,,,,,,
teacher,28m 47s,28m 49s,"But yeah, you're right on that.",1.6,1727.85,1729.45,260,,,,,1,,
teacher,28m 49s,28m 50s,Neutral.,0.56,1729.45,1730.01,260,,,,,,,
teacher,28m 50s,28m 50s,,0.24,1730.01,1730.25,260,,,,,,,
teacher,28m 50s,28m 52s,And then what is the second part?,2.0,1730.25,1732.25,260,1,,,,,,
teacher,28m 52s,28m 53s,,0.96,1732.25,1733.21,260,,,,,,,
student,28m 53s,28m 53s,No arms.,0.72,1733.21,1733.93,261,,,,,,,
student,28m 53s,28m 54s,,0.73,1733.93,1734.66,261,,,,,,,
teacher,28m 54s,28m 59s,"And then line 49, sharing a meme about political candidates.",4.56,1734.66,1739.22,262,,,,,,,
student,28m 59s,29m 2s,[Untranscribed],3.52,1739.22,1742.74,263,,,,,,,
teacher,29m 2s,29m 4s,And what is the second part?,2.24,1742.74,1744.98,264,,,,,,,
teacher,29m 4s,29m 6s,,1.68,1744.98,1746.66,264,,,,,,,
teacher,29m 6s,29m 8s,Unfavorable impression.,1.6,1746.66,1748.26,264,,,,,,,
teacher,29m 8s,29m 8s,,0.72,1748.26,1748.98,264,,,,,,,
teacher,29m 8s,29m 17s,"Okay, while we're watching this video, and I wasn't going to show it, but a lot of people said, why is that annoying?",8.32,1748.98,1757.3,264,,,,,,,
teacher,29m 17s,29m 18s,,0.72,1757.3,1758.02,264,,,,,,,
teacher,29m 18s,29m 24s,"So this is an older stupid voc, but it shows how annoying people can be on social media.",6.17,1758.02,1764.19,264,,,,,,,
student,29m 24s,29m 26s,[Untranscribed],2.8,1764.19,1766.99,265,,,,,,,
teacher,29m 26s,29m 29s,"While we're showing this, raise your hand if you can hear me.",2.96,1766.99,1769.95,266,,,,,,,
student,29m 29s,29m 32s,[Untranscribed],2.64,1769.95,1772.59,267,,,,,,,
teacher,29m 32s,29m 39s,"Okay, while we're showing this file, save this, turn this in, and also look at grades in canvas.",7.04,1772.59,1779.63,268,,,,,,,
teacher,29m 39s,29m 40s,,0.48,1779.63,1780.11,268,,,,,,,
teacher,29m 40s,29m 44s,"If you are missing anything else, get that turned in during this video.",4.32,1780.11,1784.43,268,,,,,,,
teacher,29m 44s,29m 50s,And then I will walk through the around and answer questions and help as soon as I get this queued up.,6.21,1784.43,1790.64,268,,,,,,,
teacher,29m 50s,29m 51s,,0.88,1790.64,1791.52,268,,,,,,,
student,29m 51s,29m 54s,"Siri, do you know what the last one is?",2.56,1791.52,1794.08,269,,,,,,,
student,29m 54s,29m 55s,,1.68,1794.08,1795.76,269,,,,,,,
student,29m 55s,29m 56s,Yes.,0.56,1795.76,1796.32,269,,,,,,,
student,29m 56s,29m 57s,,1.44,1796.32,1797.76,269,,,,,,,
teacher,29m 57s,29m 58s,Yeah.,0.56,1797.76,1798.32,270,,,,,,,
teacher,29m 58s,29m 59s,,0.8,1798.32,1799.12,270,,,,,,,
teacher,29m 59s,29m 59s,Be sure,0.56,1799.12,1799.68,270,,,,,,,
teacher,29m 59s,30m 2s,,2.88,1799.68,1802.56,270,,,,,,,
student,30m 2s,30m 3s,I'm your overly political,1.36,1802.56,1803.92,271,,,,,,,
teacher,30m 3s,30m 4s,,0.24,1803.92,1804.16,272,,,,,,,
teacher,30m 4s,30m 4s,"friend,",0.4,1804.16,1804.56,272,,,,,,,
teacher,30m 4s,30m 4s,,0.24,1804.56,1804.8,272,,,,,,,
student,30m 4s,30m 6s,constantly spamming your feed,1.68,1804.8,1806.48,273,,,,,,,
teacher,30m 6s,30m 6s,[Untranscribed],0.24,1806.48,1806.72,274,,,,,,,
student,30m 6s,30m 9s,with blanket statements about candidates.,2.32,1806.72,1809.04,275,,,,,,,
student,30m 9s,30m 9s,,0.08,1809.04,1809.12,275,,,,,,,
student,30m 9s,30m 10s,Be the devil's seed.,1.6,1809.12,1810.72,275,,,,,,,
student,30m 10s,30m 10s,,0.16,1810.72,1810.88,275,,,,,,,
student,30m 10s,30m 17s,I have an article here that shows quantifiable evidence that your candidate wants to start World War 3 and want to get a child.,6.84,1810.88,1817.72,275,,,,,,,
student,30m 17s,30m 18s,,0.48,1817.72,1818.2,275,,,,,,,
teacher,30m 18s,30m 19s,Think about it.,0.8,1818.2,1819.0,276,,,,,,,
teacher,30m 19s,30m 19s,,0.72,1819.0,1819.72,276,,,,,,,
student,30m 19s,30m 23s,I'm an awkward friend who shares too much for all of Facebook to see.,4.08,1819.72,1823.8,277,,,,,,,
student,30m 23s,30m 25s,,1.77,1823.8,1825.57,277,,,,,,,
