speaker,start_time,end_time,utterance,duration_in_seconds,start_time_in_seconds,end_time_in_seconds,bubble_idx,opportunities_to_respond,wait_times,presses_for_explanation,open_ended_questions,praises,behavior_specific_praises,academic_specific_praises,opportunities_to_respond_instance_id,wait_times_instance_id,presses_for_explanation_instance_id,open_ended_questions_instance_id,praises_instance_id,behavior_specific_praises_instance_id,academic_specific_praises_instance_id
silence,0m 0s,0m 2s,,2.48,0.0,2.48,0,,,,,,,,0,0,0,0,0,0,0
teacher,0m 2s,0m 4s,My copy or your copy?,1.52,2.48,4.0,1,,,,,,,,0,0,0,0,0,0,0
student,0m 4s,0m 6s,[Untranscribed],2.24,4.0,6.24,2,,,,,,,,0,0,0,0,0,0,0
teacher,0m 6s,0m 8s,"All right, guys, so let's review the bell work.",2.72,6.24,8.96,3,,,,,,,,0,0,0,0,0,0,0
teacher,0m 8s,0m 9s,,0.08,8.96,9.04,3,,,,,,,,0,0,0,0,0,0,0
teacher,0m 9s,0m 10s,We should be finished with bell work.,1.72,9.04,10.76,3,,,,,,,,0,0,0,0,0,0,0
teacher,0m 10s,0m 15s,"We should have no phones, no headphones, just pure brain power.",4.28,10.76,15.04,3,,,,,,,,0,0,0,0,0,0,0
teacher,0m 15s,0m 15s,,0.48,15.04,15.52,3,,,,,,,,0,0,0,0,0,0,0
teacher,0m 15s,0m 17s,"So if you have a cell phone, please put it away.",2.08,15.52,17.6,3,,,,,,,,0,0,0,0,0,0,0
teacher,0m 17s,0m 18s,,0.56,17.6,18.16,3,,,,,,,,0,0,0,0,0,0,0
teacher,0m 18s,0m 18s,Put it away.,0.72,18.16,18.88,3,,,,,,,,0,0,0,0,0,0,0
teacher,0m 18s,0m 19s,,0.4,18.88,19.28,3,,,,,,,,0,0,0,0,0,0,0
teacher,0m 19s,0m 21s,Put it away for the rest of the school day.,2.64,19.28,21.92,3,,,,,,,,0,0,0,0,0,0,0
teacher,0m 21s,0m 22s,,0.08,21.92,22.0,3,,,,,,,,0,0,0,0,0,0,0
teacher,0m 22s,0m 22s,Thank you much.,0.96,22.0,22.96,3,,,,,,,,0,0,0,0,0,0,0
teacher,0m 22s,0m 23s,,0.72,22.96,23.68,3,,,,,,,,0,0,0,0,0,0,0
teacher,0m 23s,0m 28s,"All right, so we have 1, 2, 3.",4.63,23.68,28.31,3,1.0,,,,,,,1,0,0,0,0,0,0
teacher,0m 28s,0m 28s,,0.24,28.31,28.55,3,,,,,,,,0,0,0,0,0,0,0
teacher,0m 28s,0m 30s,We have ABC.,1.68,28.55,30.23,3,,,,,,,,0,0,0,0,0,0,0
teacher,0m 30s,0m 31s,,0.88,30.23,31.11,3,,,,,,,,0,0,0,0,0,0,0
teacher,0m 31s,0m 35s,"All right, where does primary military opponent of the United States belong?",4.8,31.11,35.91,3,1.0,,,,,,,2,0,0,0,0,0,0
teacher,0m 35s,0m 36s,,0.4,35.91,36.31,3,1.0,,,,,,,2,0,0,0,0,0,0
teacher,0m 36s,0m 38s,"1, 2, or 3?",2.088,36.31,38.398,3,1.0,,,,,,,2,0,0,0,0,0,0
teacher,0m 38s,0m 38s,,0.304,38.398,38.702,3,,,,,,,,0,0,0,0,0,0,0
teacher,0m 38s,0m 40s,1.,1.368,38.702,40.07,3,,,,,,,,0,0,0,0,0,0,0
teacher,0m 40s,0m 40s,,0.32,40.07,40.39,3,,,,,,,,0,0,0,0,0,0,0
teacher,0m 40s,0m 44s,"All right, Admiral Dewey captured Manila Bay quickly in 1898.",3.76,40.39,44.15,3,,,,,,,,0,0,0,0,0,0,0
teacher,0m 44s,0m 45s,Is that 2 or 3?,1.12,44.15,45.27,3,1.0,1.0,,,,,,3,1,0,0,0,0,0
student,0m 45s,0m 51s,[Untranscribed],6.24,45.27,51.51,4,,,,,,,,0,0,0,0,0,0,0
teacher,0m 51s,0m 55s,And the San Juan Hill and the actions of Rough Riders.,4.0,51.51,55.51,5,,,,,,,,0,0,0,0,0,0,0
student,0m 55s,1m 1s,[Untranscribed],5.52,55.51,61.03,6,,,,,,,,0,0,0,0,0,0,0
teacher,1m 1s,1m 3s,"All right, so it should have looked something like this.",2.88,61.03,63.91,7,,,,,,,,0,0,0,0,0,0,0
student,1m 3s,1m 5s,[Untranscribed],1.12,63.91,65.03,8,,,,,,,,0,0,0,0,0,0,0
teacher,1m 5s,1m 9s,"Okay, so let's go into it for number one.",4.32,65.03,69.35,9,,,,,,,,0,0,0,0,0,0,0
teacher,1m 9s,1m 12s,We're starting on the side of the paper that's mostly blank.,2.88,69.35,72.23,9,,,,,,,,0,0,0,0,0,0,0
teacher,1m 12s,1m 12s,,0.64,72.23,72.87,9,,,,,,,,0,0,0,0,0,0,0
teacher,1m 12s,1m 15s,"All right, I want you guys to print your paper.",2.8,72.87,75.67,9,,,,,,,,0,0,0,0,0,0,0
teacher,1m 15s,1m 16s,,0.96,75.67,76.63,9,,,,,,,,0,0,0,0,0,0,0
teacher,1m 16s,1m 17s,Your paper.,0.72,76.63,77.35,9,,,,,,,,0,0,0,0,0,0,0
teacher,1m 17s,1m 18s,,1.53,77.35,78.88,9,,,,,,,,0,0,0,0,0,0,0
teacher,1m 18s,1m 19s,Grab a paper.,0.64,78.88,79.52,9,,,,,,,,0,0,0,0,0,0,0
teacher,1m 19s,1m 20s,,0.48,79.52,80.0,9,,,,,,,,0,0,0,0,0,0,0
teacher,1m 20s,1m 21s,Grab a paper.,1.04,80.0,81.04,9,,,,,,,,0,0,0,0,0,0,0
teacher,1m 21s,1m 22s,,0.96,81.04,82.0,9,,,,,,,,0,0,0,0,0,0,0
teacher,1m 22s,1m 23s,Play with us.,1.04,82.0,83.04,9,,,,,,,,0,0,0,0,0,0,0
teacher,1m 23s,1m 23s,,0.56,83.04,83.6,9,,,,,,,,0,0,0,0,0,0,0
teacher,1m 23s,1m 26s,It's hard to play this on your own.,2.4,83.6,86.0,9,,,,,,,,0,0,0,0,0,0,0
teacher,1m 26s,1m 26s,,0.48,86.0,86.48,9,,,,,,,,0,0,0,0,0,0,0
teacher,1m 26s,1m 31s,"That's why I have it linked on a PowerPoint, because it's locked on your computer.",5.16,86.48,91.64,9,,,,,,,,0,0,0,0,0,0,0
teacher,1m 31s,1m 33s,So we're doing it together.,1.48,91.64,93.12,9,,,,,,,,0,0,0,0,0,0,0
teacher,1m 33s,1m 33s,,0.4,93.12,93.52,9,,,,,,,,0,0,0,0,0,0,0
teacher,1m 33s,1m 34s,Get your paper.,1.04,93.52,94.56,9,,,,,,,,0,0,0,0,0,0,0
teacher,1m 34s,1m 34s,,0.106,94.56,94.666,9,,,,,,,,0,0,0,0,0,0,0
student,1m 34s,1m 36s,[Untranscribed],2.134,94.666,96.8,10,,,,,,,,0,0,0,0,0,0,0
teacher,1m 36s,1m 47s,"All right, I want you guys to make a thinking map where you can compare and contrast us three diplomacies.",10.63,96.8,107.43,11,,,,,,,,0,0,0,0,0,0,0
teacher,1m 47s,1m 47s,,0.32,107.43,107.75,11,,,,,,,,0,0,0,0,0,0,0
teacher,1m 47s,1m 51s,"It can look something like this, like a Tri Venn diagram.",3.84,107.75,111.59,11,,,,,,,,0,0,0,0,0,0,0
teacher,1m 51s,1m 52s,It can be a tree map.,1.36,111.59,112.95,11,,,,,,,,0,0,0,0,0,0,0
teacher,1m 52s,1m 54s,It can be anything you want.,1.36,112.95,114.31,11,,,,,,,,0,0,0,0,0,0,0
teacher,1m 54s,1m 54s,,0.4,114.31,114.71,11,,,,,,,,0,0,0,0,0,0,0
teacher,1m 54s,2m 4s,"But we are going to compare three types of diplomacies under the presidents Theodore Roosevelt, Cass, and Wilson.",9.6,114.71,124.31,11,,,,,,,,0,0,0,0,0,0,0
student,2m 4s,2m 5s,[Untranscribed],1.04,124.31,125.35,12,,,,,,,,0,0,0,0,0,0,0
teacher,2m 5s,2m 8s,"All right, so prepare your map.",3.56,125.35,128.91,13,,,,,,,,0,0,0,0,0,0,0
teacher,2m 8s,2m 10s,"So I prepared the video,",1.16,128.91,130.07,13,,,,,,,,0,0,0,0,0,0,0
student,2m 10s,2m 20s,[Untranscribed],10.05,130.07,140.12,14,,,,,,,,0,0,0,0,0,0,0
teacher,2m 20s,2m 26s,"all right, during this time period, there are photos and there are some film reels.",6.0,140.12,146.12,15,,,,,,,,0,0,0,0,0,0,0
teacher,2m 26s,2m 27s,So we're going to start seeing that.,1.84,146.12,147.96,15,,,,,,,,0,0,0,0,0,0,0
teacher,2m 27s,2m 28s,,0.08,147.96,148.04,15,,,,,,,,0,0,0,0,0,0,0
teacher,2m 28s,2m 30s,So everything you're seeing is from the time period.,2.64,148.04,150.68,15,,,,,,,,0,0,0,0,0,0,0
teacher,2m 30s,2m 31s,,0.56,150.68,151.24,15,,,,,,,,0,0,0,0,0,0,0
teacher,2m 31s,2m 37s,"All right, Subtitles in Espanol up at the top and English down at the bottom.",6.73,151.24,157.97,15,,,,,,,,0,0,0,0,0,0,0
teacher,2m 37s,2m 38s,,0.48,157.97,158.45,15,,,,,,,,0,0,0,0,0,0,0
teacher,2m 38s,2m 41s,"All right, eyes and ears.",2.56,158.45,161.01,15,,,,,,,,0,0,0,0,0,0,0
student,2m 41s,2m 45s,[Untranscribed],4.092,161.01,165.102,16,,,,,,,,0,0,0,0,0,0,0
silence,2m 45s,2m 46s,,1.828,165.102,166.93,17,,,,,,,,0,0,0,0,0,0,0
teacher,2m 46s,2m 48s,Let's travel back through the years.,1.52,166.93,168.45,18,,,,,,,,0,0,0,0,0,0,0
teacher,2m 48s,2m 48s,,0.08,168.45,168.53,18,,,,,,,,0,0,0,0,0,0,0
teacher,2m 48s,2m 52s,"All right, friends, get ready to compare.",3.679,168.53,172.209,18,,,,,,,,0,0,0,0,0,0,0
teacher,2m 52s,2m 52s,,0.001,172.209,172.21,18,,,,,,,,0,0,0,0,0,0,0
teacher,2m 52s,3m 1s,"Contrast Roosevelt, Taft, and Wilson.",9.3,172.21,181.51,18,,,,,,,,0,0,0,0,0,0,0
student,3m 1s,3m 3s,[Untranscribed],2.07,181.51,183.58,19,,,,,,,,0,0,0,0,0,0,0
media,3m 3s,3m 9s,Foreign policy at the turn of the century was characterized by three philosophies.,5.68,183.58,189.26,20,,,,,,,,0,0,0,0,0,0,0
media,3m 9s,3m 10s,,0.88,189.26,190.14,20,,,,,,,,0,0,0,0,0,0,0
media,3m 10s,3m 18s,"Theodore Roosevelt's big stick diplomacy, William Taft's dollar diplomacy, and Woodrow Wilson's moral diplomacy.",8.08,190.14,198.22,20,,,,,,,,0,0,0,0,0,0,0
media,3m 18s,3m 18s,,0.72,198.22,198.94,20,,,,,,,,0,0,0,0,0,0,0
media,3m 18s,3m 25s,"Theodore Roosevelt, divided by the African proverb, speaks softly and carry a big stick.",6.24,198.94,205.18,20,,,,,,,,0,0,0,0,0,0,0
media,3m 25s,3m 25s,,0.48,205.18,205.66,20,,,,,,,,0,0,0,0,0,0,0
media,3m 25s,3m 29s,He applied this big stick stick theory to American foreign policy.,3.52,205.66,209.18,20,,,,,,,,0,0,0,0,0,0,0
media,3m 29s,3m 29s,,0.56,209.18,209.74,20,,,,,,,,0,0,0,0,0,0,0
media,3m 29s,3m 33s,Believe the US should take a strong role in Asia.,3.36,209.74,213.1,20,,,,,,,,0,0,0,0,0,0,0
media,3m 33s,3m 33s,,0.48,213.1,213.58,20,,,,,,,,0,0,0,0,0,0,0
media,3m 33s,3m 40s,"In 1905, Roosevelt intervened to end the war between Russia and Japan over Korea and Nigeria.",7.04,213.58,220.62,20,,,,,,,,0,0,0,0,0,0,0
media,3m 40s,3m 41s,,0.88,220.62,221.5,20,,,,,,,,0,0,0,0,0,0,0
media,3m 41s,3m 44s,When Japan was angered by racist sentiment in the U.S.,3.36,221.5,224.86,20,,,,,,,,0,0,0,0,0,0,0
media,3m 44s,3m 45s,,0.32,224.86,225.18,20,,,,,,,,0,0,0,0,0,0,0
media,3m 45s,3m 47s,roose Roosevelt arranged a gentleman's agreement.,2.72,225.18,227.9,20,,,,,,,,0,0,0,0,0,0,0
media,3m 47s,3m 48s,,0.24,227.9,228.14,20,,,,,,,,0,0,0,0,0,0,0
media,3m 48s,3m 51s,He would see that Asian discrimination ended.,2.88,228.14,231.02,20,,,,,,,,0,0,0,0,0,0,0
media,3m 51s,3m 51s,,0.08,231.02,231.1,20,,,,,,,,0,0,0,0,0,0,0
media,3m 51s,3m 55s,"But in turn, Japan would have to listen to Japanese immigration to the U.S.",4.38,231.1,235.48,20,,,,,,,,0,0,0,0,0,0,0
media,3m 55s,3m 56s,,1.2,235.48,236.68,20,,,,,,,,0,0,0,0,0,0,0
media,3m 56s,3m 58s,in a show of growing U.S.,1.814,236.68,238.494,20,,,,,,,,0,0,0,0,0,0,0
media,3m 58s,3m 58s,,0.092,238.494,238.586,20,,,,,,,,0,0,0,0,0,0,0
media,3m 58s,4m 4s,"naval might, Rusanov launched 16 warships on a world tour painted brilliant white.",6.254,238.586,244.84,20,,,,,,,,0,0,0,0,0,0,0
media,4m 4s,4m 4s,,0.08,244.84,244.92,20,,,,,,,,0,0,0,0,0,0,0
media,4m 4s,4m 7s,The flotilla was known as the Great White Fleet.,2.96,244.92,247.88,20,,,,,,,,0,0,0,0,0,0,0
media,4m 7s,4m 8s,,0.96,247.88,248.84,20,,,,,,,,0,0,0,0,0,0,0
media,4m 8s,4m 10s,The tour was a triumph.,1.6,248.84,250.44,20,,,,,,,,0,0,0,0,0,0,0
media,4m 10s,4m 10s,,0.24,250.44,250.68,20,,,,,,,,0,0,0,0,0,0,0
media,4m 10s,4m 15s,The US Was regarded as the most fluent naval power after the British.,4.4,250.68,255.08,20,,,,,,,,0,0,0,0,0,0,0
student,4m 15s,4m 16s,[Untranscribed],1.04,255.08,256.12,21,,,,,,,,0,0,0,0,0,0,0
media,4m 16s,4m 25s,"In the interest of connecting the Atlantic and Pacific oceans, Roosevelt turned his attention to a narrow strip of land in Colombia, the Isthmus of Panama.",9.26,256.12,265.38,22,,,,,,,,0,0,0,0,0,0,0
media,4m 25s,4m 25s,,0.48,265.38,265.86,22,,,,,,,,0,0,0,0,0,0,0
media,4m 25s,4m 33s,"In 1903, Roosevelt's Secretary of State, John Hague failed in an attempt to negotiate treaty with Colombia for the land.",7.76,265.86,273.62,22,,,,,,,,0,0,0,0,0,0,0
media,4m 33s,4m 34s,,0.56,273.62,274.18,22,,,,,,,,0,0,0,0,0,0,0
media,4m 34s,4m 36s,But US Interests were not to be denied.,2.64,274.18,276.82,22,,,,,,,,0,0,0,0,0,0,0
media,4m 36s,4m 37s,,0.24,276.82,277.06,22,,,,,,,,0,0,0,0,0,0,0
media,4m 37s,4m 42s,Roosevelt backed a Panamanian revolt and negotiated for the Panama Canal Zone.,5.36,277.06,282.42,22,,,,,,,,0,0,0,0,0,0,0
media,4m 42s,4m 43s,,0.8,282.42,283.22,22,,,,,,,,0,0,0,0,0,0,0
media,4m 43s,4m 44s,War began.,0.8,283.22,284.02,22,,,,,,,,0,0,0,0,0,0,0
student,4m 44s,4m 45s,[Untranscribed],1.61,284.02,285.63,23,,,,,,,,0,0,0,0,0,0,0
media,4m 45s,4m 50s,Massive locks were designed to raise ships through the mountains and then lower them on the other side.,5.04,285.63,290.67,24,,,,,,,,0,0,0,0,0,0,0
student,4m 50s,4m 51s,[Untranscribed],1.12,290.67,291.79,25,,,,,,,,0,0,0,0,0,0,0
media,4m 51s,4m 55s,1.53 million cubic meters of concrete were poured.,4.16,291.79,295.95,26,,,,,,,,0,0,0,0,0,0,0
media,4m 55s,4m 56s,,0.56,295.95,296.51,26,,,,,,,,0,0,0,0,0,0,0
media,4m 56s,5m 1s,"70,000 workers recruited and $400 million was spent.",4.72,296.51,301.23,26,,,,,,,,0,0,0,0,0,0,0
media,5m 1s,5m 2s,,0.88,301.23,302.11,26,,,,,,,,0,0,0,0,0,0,0
media,5m 2s,5m 4s,A marvelous engineering achievement.,2.04,302.11,304.15,26,,,,,,,,0,0,0,0,0,0,0
media,5m 4s,5m 9s,"The canal was finally completed in 1914, just in time for World War I.",5.32,304.15,309.47,26,,,,,,,,0,0,0,0,0,0,0
media,5m 9s,5m 10s,,0.96,309.47,310.43,26,,,,,,,,0,0,0,0,0,0,0
media,5m 10s,5m 17s,"In 1904, Roosevelt wheeled his big stick again, adding a corollary to the Monroe doctrine.",6.9,310.43,317.33,26,,,,,,,,0,0,0,0,0,0,0
media,5m 17s,5m 17s,,0.4,317.33,317.73,26,,,,,,,,0,0,0,0,0,0,0
media,5m 17s,5m 25s,"Initiated in 1823, the Monroe Doctrine established a policy to limit European expansion into the Western Hemisphere.",7.6,317.73,325.33,26,,,,,,,,0,0,0,0,0,0,0
media,5m 25s,5m 26s,,0.88,325.33,326.21,26,,,,,,,,0,0,0,0,0,0,0
media,5m 26s,5m 28s,Roosevelt's corollary went further.,2.08,326.21,328.29,26,,,,,,,,0,0,0,0,0,0,0
media,5m 28s,5m 28s,,0.4,328.29,328.69,26,,,,,,,,0,0,0,0,0,0,0
media,5m 28s,5m 35s,It stated that the US had the right to intervene militarily to keep European powers out of the Western Hemisphere.,7.2,328.69,335.89,26,,,,,,,,0,0,0,0,0,0,0
media,5m 35s,5m 36s,,0.56,335.89,336.45,26,,,,,,,,0,0,0,0,0,0,0
media,5m 36s,5m 46s,"The Roosevelt corollary was exercised the very next year in 1905, in order to relieve the Dominican Republic's debt to threatening foreign creditors.",9.57,336.45,346.02,26,,,,,,,,0,0,0,0,0,0,0
student,5m 46s,5m 47s,[Untranscribed],1.76,346.02,347.78,27,,,,,,,,0,0,0,0,0,0,0
media,5m 47s,5m 55s,"In 1909, when William Howard Taft succeeded Roosevelt as president, he established a foreign policy encouraging U.S.",7.92,347.78,355.7,28,,,,,,,,0,0,0,0,0,0,0
media,5m 55s,6m 0s,investment in Latin America and China as a way of discouraging European investment.,4.88,355.7,360.58,28,,,,,,,,0,0,0,0,0,0,0
media,6m 0s,6m 1s,,0.64,360.58,361.22,28,,,,,,,,0,0,0,0,0,0,0
media,6m 1s,6m 7s,"In contrast to Roosevelt's big stick policy, this new policy became known as Donner diplomacy.",6.72,361.22,367.94,28,,,,,,,,0,0,0,0,0,0,0
media,6m 7s,6m 8s,,0.9,367.94,368.84,28,,,,,,,,0,0,0,0,0,0,0
media,6m 8s,6m 18s,"As a result, US owned businesses came to dominate the economies of many small nations in Central America, the Caribbean and parts of South America.",9.28,368.84,378.12,28,,,,,,,,0,0,0,0,0,0,0
media,6m 18s,6m 18s,,0.64,378.12,378.76,28,,,,,,,,0,0,0,0,0,0,0
media,6m 18s,6m 25s,"Latin Americans reacted with anger and resentment, but they were powerless in the face of the US military.",6.56,378.76,385.32,28,,,,,,,,0,0,0,0,0,0,0
media,6m 25s,6m 26s,,0.96,385.32,386.28,28,,,,,,,,0,0,0,0,0,0,0
media,6m 26s,6m 30s,"In 1913, Woodrow Wilson succeeded Taft as President.",4.08,386.28,390.36,28,,,,,,,,0,0,0,0,0,0,0
media,6m 30s,6m 31s,,0.8,390.36,391.16,28,,,,,,,,0,0,0,0,0,0,0
media,6m 31s,6m 34s,Wilson offered yet another approach to foreign policy.,2.96,391.16,394.12,28,,,,,,,,0,0,0,0,0,0,0
media,6m 34s,6m 34s,,0.86,394.12,394.98,28,,,,,,,,0,0,0,0,0,0,0
media,6m 34s,6m 47s,"He rejected big stick and dollar diplomacy in favor of a moral diplomacy, applying a moral standard and not recognizing any government that is undemocratic or hostile to U.S.",12.48,394.98,407.46,28,,,,,,,,0,0,0,0,0,0,0
student,6m 47s,6m 48s,interests.,0.72,407.46,408.18,29,,,,,,,,0,0,0,0,0,0,0
student,6m 48s,6m 49s,,0.88,408.18,409.06,29,,,,,,,,0,0,0,0,0,0,0
media,6m 49s,6m 50s,To protect U.S.,1.12,409.06,410.18,30,,,,,,,,0,0,0,0,0,0,0
media,6m 50s,6m 50s,,0.16,410.18,410.34,30,,,,,,,,0,0,0,0,0,0,0
media,6m 50s,6m 58s,"business interests, Wilson rallied troops to stabilize Haiti, the Dominican Republic and Cuba, effectively turning them into U.S.",8.4,410.34,418.74,30,,,,,,,,0,0,0,0,0,0,0
student,6m 58s,6m 59s,protectorates.,0.8,418.74,419.54,31,,,,,,,,0,0,0,0,0,0,0
student,6m 59s,7m 0s,,0.89,419.54,420.43,31,,,,,,,,0,0,0,0,0,0,0
media,7m 0s,7m 6s,Wilson encountered failure in his dealings with Mexico in the late 19th century.,5.92,420.43,426.35,32,,,,,,,,0,0,0,0,0,0,0
media,7m 6s,7m 17s,"Corruption in Mexico was prominent, escalating with the assassination of Mexico's President Francisco Madero in 1913 and the assumption of power by Victoriano Huerta.",11.2,426.35,437.55,32,,,,,,,,0,0,0,0,0,0,0
media,7m 17s,7m 18s,,0.96,437.55,438.51,32,,,,,,,,0,0,0,0,0,0,0
media,7m 18s,7m 24s,"Not wanting to support a government by murder, Wilson refused to dignify Huerta's government.",5.76,438.51,444.27,32,,,,,,,,0,0,0,0,0,0,0
media,7m 24s,7m 25s,,0.8,444.27,445.07,32,,,,,,,,0,0,0,0,0,0,0
student,7m 25s,7m 30s,I am going to teach the South American republics to elect Good men.,5.25,445.07,450.32,33,,,,,,,,0,0,0,0,0,0,0
student,7m 30s,7m 30s,,0.56,450.32,450.88,33,,,,,,,,0,0,0,0,0,0,0
media,7m 30s,7m 32s,President Wilson mobilized U.S.,2.0,450.88,452.88,34,,,,,,,,0,0,0,0,0,0,0
media,7m 32s,7m 32s,,0.08,452.88,452.96,34,,,,,,,,0,0,0,0,0,0,0
media,7m 32s,7m 36s,marines to capture the port of their crews in Mexico.,3.28,452.96,456.24,34,,,,,,,,0,0,0,0,0,0,0
media,7m 36s,7m 36s,,0.72,456.24,456.96,34,,,,,,,,0,0,0,0,0,0,0
media,7m 36s,7m 43s,"Although split over allegiance to Huerta, Mexicans were united in their opposition to US invasion.",6.4,456.96,463.36,34,,,,,,,,0,0,0,0,0,0,0
media,7m 43s,7m 43s,,0.16,463.36,463.52,34,,,,,,,,0,0,0,0,0,0,0
media,7m 43s,7m 54s,"And war was barely averted between the two countries in 1960, when Mexican rebel Pancho Villa raided a US border town and killed US citizens.",10.8,463.52,474.32,34,,,,,,,,0,0,0,0,0,0,0
media,7m 54s,7m 54s,,0.24,474.32,474.56,34,,,,,,,,0,0,0,0,0,0,0
media,7m 54s,7m 59s,"An expeditionary force of 11,000 under the leadership of General John J.",5.33,474.56,479.89,34,,,,,,,,0,0,0,0,0,0,0
media,7m 59s,8m 3s,Pershing crossed into Mexico to hunt for via.,3.28,479.89,483.17,34,,,,,,,,0,0,0,0,0,0,0
media,8m 3s,8m 3s,,0.56,483.17,483.73,34,,,,,,,,0,0,0,0,0,0,0
media,8m 3s,8m 7s,"After a year long pursuit, Pershing's expedition was called off.",4.0,483.73,487.73,34,,,,,,,,0,0,0,0,0,0,0
media,8m 7s,8m 8s,,0.32,487.73,488.05,34,,,,,,,,0,0,0,0,0,0,0
media,8m 8s,8m 11s,But the affair increased anti American sentiments.,3.04,488.05,491.09,34,,,,,,,,0,0,0,0,0,0,0
media,8m 11s,8m 11s,,0.56,491.09,491.65,34,,,,,,,,0,0,0,0,0,0,0
media,8m 11s,8m 12s,U.S.,0.396,491.65,492.046,34,,,,,,,,0,0,0,0,0,0,0
media,8m 12s,8m 12s,,0.088,492.046,492.134,34,,,,,,,,0,0,0,0,0,0,0
media,8m 12s,8m 18s,troops withdrew in 1917 and tensions eventually eased between Mexico and the U.S.,6.236,492.134,498.37,34,,,,,,,,0,0,0,0,0,0,0
media,8m 18s,8m 20s,,2.4,498.37,500.77,34,,,,,,,,0,0,0,0,0,0,0
teacher,8m 20s,8m 21s,"all right,",0.56,500.77,501.33,35,,,,,,,,0,0,0,0,0,0,0
media,8m 21s,8m 21s,[Untranscribed],0.32,501.33,501.65,36,,,,,,,,0,0,0,0,0,0,0
teacher,8m 21s,8m 22s,so,0.4,501.65,502.05,37,,,,,,,,0,0,0,0,0,0,0
media,8m 22s,8m 22s,[Untranscribed],0.24,502.05,502.29,38,,,,,,,,0,0,0,0,0,0,0
teacher,8m 22s,8m 24s,flip your paper over to number two,2.24,502.29,504.53,39,,,,,,,,0,0,0,0,0,0,0
media,8m 24s,8m 25s,[Untranscribed],0.8,504.53,505.33,40,,,,,,,,0,0,0,0,0,0,0
teacher,8m 25s,8m 25s,do.,0.24,505.33,505.57,41,,,,,,,,0,0,0,0,0,0,0
student,8m 25s,8m 27s,[Untranscribed],2.0,505.57,507.57,42,,,,,,,,0,0,0,0,0,0,0
teacher,8m 27s,8m 31s,"All right, so we are very quickly going to take in some fill in maps.",4.4,507.57,511.97,43,,,,,,,,0,0,0,0,0,0,0
teacher,8m 31s,8m 32s,,0.88,511.97,512.85,43,,,,,,,,0,0,0,0,0,0,0
teacher,8m 32s,8m 40s,"All right, I am going to categorize each of the diplomacies underneath each president that they represent.",7.52,512.85,520.37,43,,,,,,,,0,0,0,0,0,0,0
student,8m 40s,8m 41s,[Untranscribed],1.44,520.37,521.81,44,,,,,,,,0,0,0,0,0,0,0
teacher,8m 41s,8m 43s,"All right, so number two.",2.08,521.81,523.89,45,,,,,,,,0,0,0,0,0,0,0
teacher,8m 43s,8m 44s,,0.4,523.89,524.29,45,,,,,,,,0,0,0,0,0,0,0
teacher,8m 44s,8m 45s,Theodore Roosevelt.,1.24,524.29,525.53,45,,,,,,,,0,0,0,0,0,0,0
teacher,8m 45s,8m 46s,Underneath Theodore Roosevelt.,1.36,525.53,526.89,45,,,,,,,,0,0,0,0,0,0,0
teacher,8m 46s,8m 47s,Right?,0.28,526.89,527.17,45,,,,,,,,0,0,0,0,0,0,0
teacher,8m 47s,8m 47s,,0.08,527.17,527.25,45,,,,,,,,0,0,0,0,0,0,0
teacher,8m 47s,8m 48s,Big stick diplomacy.,1.68,527.25,528.93,45,,,,,,,,0,0,0,0,0,0,0
teacher,8m 48s,8m 49s,,0.571,528.93,529.501,45,,,,,,,,0,0,0,0,0,0,0
student,8m 49s,8m 51s,[Untranscribed],2.159,529.501,531.66,46,,,,,,,,0,0,0,0,0,0,0
teacher,8m 51s,8m 53s,Big stick diplomacy.,1.44,531.66,533.1,47,,,,,,,,0,0,0,0,0,0,0
teacher,8m 53s,8m 54s,,1.28,533.1,534.38,47,,,,,,,,0,0,0,0,0,0,0
teacher,8m 54s,8m 55s,Underneath Theodore Roosevelt.,1.6,534.38,535.98,47,,,,,,,,0,0,0,0,0,0,0
teacher,8m 55s,8m 57s,,1.04,535.98,537.02,47,,,,,,,,0,0,0,0,0,0,0
teacher,8m 57s,8m 58s,Underneath Theodore Roosevelt.,1.32,537.02,538.34,47,,,,,,,,0,0,0,0,0,0,0
teacher,8m 58s,8m 59s,Big stick diplomacy.,1.4,538.34,539.74,47,,,,,,,,0,0,0,0,0,0,0
teacher,8m 59s,9m 0s,,0.763,539.74,540.503,47,,,,,,,,0,0,0,0,0,0,0
student,9m 0s,9m 2s,[Untranscribed],1.877,540.503,542.38,48,,,,,,,,0,0,0,0,0,0,0
teacher,9m 2s,9m 3s,Underneath Theodore Roosevelt.,1.44,542.38,543.82,49,,,,,,,,0,0,0,0,0,0,0
teacher,9m 3s,9m 5s,Big stick diplomacy.,1.44,543.82,545.26,49,,,,,,,,0,0,0,0,0,0,0
teacher,9m 5s,9m 5s,,0.72,545.26,545.98,49,,,,,,,,0,0,0,0,0,0,0
teacher,9m 5s,9m 9s,"All right, so speak softly and carry a big stick.",4.0,545.98,549.98,49,,,,,,,,0,0,0,0,0,0,0
teacher,9m 9s,9m 10s,,0.72,549.98,550.7,49,,,,,,,,0,0,0,0,0,0,0
teacher,9m 10s,9m 15s,"All right, what do you think the big stick represents as far as government power?",4.96,550.7,555.66,49,1.0,,,1.0,,,,4,0,0,1,0,0,0
student,9m 15s,9m 17s,[Untranscribed],1.77,555.66,557.43,50,,,,,,,,0,0,0,0,0,0,0
teacher,9m 17s,9m 19s,How does a government implement their power?,2.08,557.43,559.51,51,1.0,,,1.0,,,,5,0,0,2,0,0,0
student,9m 19s,9m 22s,[Untranscribed],3.04,559.51,562.55,52,,,,,,,,0,0,0,0,0,0,0
teacher,9m 22s,9m 23s,What is the big stick?,1.2,562.55,563.75,53,1.0,,,,,,,6,0,0,0,0,0,0
student,9m 23s,9m 25s,[Untranscribed],1.44,563.75,565.19,54,,,,,,,,0,0,0,0,0,0,0
teacher,9m 25s,9m 27s,How do they threaten other countries?,1.84,565.19,567.03,55,1.0,,,1.0,,,,7,0,0,3,0,0,0
student,9m 27s,9m 28s,[Untranscribed],1.36,567.03,568.39,56,,,,,,,,0,0,0,0,0,0,0
teacher,9m 28s,9m 29s,"Okay, beating them.",1.04,568.39,569.43,57,,,,,,,,0,0,0,0,0,0,0
teacher,9m 29s,9m 32s,"How, how do countries beat each other?",3.199,569.43,572.629,57,1.0,,1.0,,,,,8,0,1,0,0,0,0
student,9m 32s,9m 35s,[Untranscribed],2.401,572.629,575.03,58,,,,,,,,0,0,0,0,0,0,0
teacher,9m 35s,9m 36s,"Bombs, Armies.",1.28,575.03,576.31,59,,,,,,,,0,0,0,0,0,0,0
teacher,9m 36s,9m 37s,Exactly.,0.8,576.31,577.11,59,,,,,1.0,,,0,0,0,0,1,0,0
teacher,9m 37s,9m 37s,,0.24,577.11,577.35,59,,,,,1.0,,,0,0,0,0,1,0,0
teacher,9m 37s,9m 40s,So the big stick is military power.,3.36,577.35,580.71,59,,,,,1.0,,,0,0,0,0,1,0,0
teacher,9m 40s,9m 41s,,0.88,580.71,581.59,59,,,,,,,,0,0,0,0,0,0,0
teacher,9m 41s,9m 43s,"All right, Military power.",1.76,581.59,583.35,59,,,,,,,,0,0,0,0,0,0,0
teacher,9m 43s,9m 43s,,0.28,583.35,583.63,59,,,,,,,,0,0,0,0,0,0,0
teacher,9m 43s,9m 44s,That's the big stick.,1.04,583.63,584.67,59,,,,,,,,0,0,0,0,0,0,0
teacher,9m 44s,9m 44s,,0.32,584.67,584.99,59,,,,,,,,0,0,0,0,0,0,0
teacher,9m 44s,9m 53s,So to speak softly and carry a big stick means to threaten once and follow through if it doesn't happen.,8.96,584.99,593.95,59,,,,,,,,0,0,0,0,0,0,0
student,9m 53s,9m 56s,[Untranscribed],2.88,593.95,596.83,60,,,,,,,,0,0,0,0,0,0,0
teacher,9m 56s,10m 13s,"All right, so essentially during this time period, Europe is colonizing Africa and Asia and they're attempting to recolonize stiff stick to their colonization in Latin America as well.",16.17,596.83,613.0,61,,,,,,,,0,0,0,0,0,0,0
teacher,10m 13s,10m 13s,,0.88,613.0,613.88,61,,,,,,,,0,0,0,0,0,0,0
teacher,10m 13s,10m 20s,"And during this time period, the United States tells Europe, stay in the Eastern hemisphere or we will go to war.",6.56,613.88,620.44,61,,,,,,,,0,0,0,0,0,0,0
student,10m 20s,10m 21s,[Untranscribed],1.52,620.44,621.96,62,,,,,,,,0,0,0,0,0,0,0
teacher,10m 21s,10m 36s,"All right, as during this time period, America begins building up their battleships, their army, and they kind of form the Roosevelt corollary, which was this huge strain of battleships basically showing off to Europe.",14.81,621.96,636.77,63,,,,,,,,0,0,0,0,0,0,0
teacher,10m 36s,10m 36s,,0.16,636.77,636.93,63,,,,,,,,0,0,0,0,0,0,0
teacher,10m 36s,10m 38s,Look what we got.,1.36,636.93,638.29,63,,,,,,,,0,0,0,0,0,0,0
teacher,10m 38s,10m 39s,,0.88,638.29,639.17,63,,,,,,,,0,0,0,0,0,0,0
teacher,10m 39s,10m 41s,"All right, While they're making their threats.",2.08,639.17,641.25,63,,,,,,,,0,0,0,0,0,0,0
teacher,10m 41s,10m 41s,,0.4,641.25,641.65,63,,,,,,,,0,0,0,0,0,0,0
teacher,10m 41s,10m 53s,"All right, so it's kind of this, this ability to exercise one threat and look at everything I have to be able to follow through.",11.52,641.65,653.17,63,,,,,,,,0,0,0,0,0,0,0
student,10m 53s,10m 54s,[Untranscribed],1.12,653.17,654.29,64,,,,,,,,0,0,0,0,0,0,0
teacher,10m 54s,10m 59s,"All right, so the United States is opposing European intervention north South America.",5.64,654.29,659.93,65,,,,,,,,0,0,0,0,0,0,0
teacher,10m 59s,11m 6s,"And the United States is also not just freeing these areas from European control, they're taking control.",6.62,659.93,666.55,65,,,,,,,,0,0,0,0,0,0,0
student,11m 6s,11m 7s,[Untranscribed],1.28,666.55,667.83,66,,,,,,,,0,0,0,0,0,0,0
teacher,11m 7s,11m 10s,"One guy's kicked out, America's moving in.",3.12,667.83,670.95,67,,,,,,,,0,0,0,0,0,0,0
teacher,11m 10s,11m 11s,,0.56,670.95,671.51,67,,,,,,,,0,0,0,0,0,0,0
teacher,11m 11s,11m 18s,"All right, because during the age of social Darwinism and colonization, it's colonized or be colonized.",7.12,671.51,678.63,67,,,,,,,,0,0,0,0,0,0,0
student,11m 18s,11m 20s,[Untranscribed],1.52,678.63,680.15,68,,,,,,,,0,0,0,0,0,0,0
teacher,11m 20s,11m 28s,"All right, so the United States is assuming police of power in any country in the Americas that the US Government deems to be.",8.6,680.15,688.75,69,,,,,,,,0,0,0,0,0,0,0
teacher,11m 28s,11m 28s,,0.23,688.75,688.98,69,,,,,,,,0,0,0,0,0,0,0
teacher,11m 28s,11m 30s,Be unstable.,1.6,688.98,690.58,69,,,,,,,,0,0,0,0,0,0,0
student,11m 30s,11m 31s,[Untranscribed],1.04,690.58,691.62,70,,,,,,,,0,0,0,0,0,0,0
teacher,11m 31s,11m 37s,"We're helping them, or uncivilized, we're better than them.",5.44,691.62,697.06,71,,,,,,,,0,0,0,0,0,0,0
teacher,11m 37s,11m 37s,,0.64,697.06,697.7,71,,,,,,,,0,0,0,0,0,0,0
teacher,11m 37s,11m 48s,"All right, so it's that social Darwinistic idea that the United States has during this period that they can conquer and help less fortunate countries.",11.28,697.7,708.98,71,,,,,,,,0,0,0,0,0,0,0
teacher,11m 48s,11m 49s,,0.72,708.98,709.7,71,,,,,,,,0,0,0,0,0,0,0
teacher,11m 49s,11m 50s,All right?,0.48,709.7,710.18,71,,,,,,,,0,0,0,0,0,0,0
teacher,11m 50s,11m 52s,An example of this is the building of the Panama Canal.,2.6,710.18,712.78,71,,,,,,,,0,0,0,0,0,0,0
teacher,11m 52s,12m 6s,We funded rebels in the area so that way we could oust their government and take control of the area and have a nice route that all countries need to use if they're trading with Asia and making money off of it.,14.08,712.78,726.86,71,,,,,,,,0,0,0,0,0,0,0
student,12m 6s,12m 8s,[Untranscribed],1.2,726.86,728.06,72,,,,,,,,0,0,0,0,0,0,0
teacher,12m 8s,12m 13s,"All right, so here we have an example political cartoon to visualize the time period.",4.96,728.06,733.02,73,,,,,,,,0,0,0,0,0,0,0
teacher,12m 13s,12m 14s,Who has the big stick?,1.28,733.02,734.3,73,1.0,,,,,,,9,0,0,0,0,0,0
silence,12m 14s,12m 17s,,2.72,734.3,737.02,74,,,,,,,,0,0,0,0,0,0,0
teacher,12m 17s,12m 17s,Theodore.,0.72,737.02,737.74,75,,,,,,,,0,0,0,0,0,0,0
teacher,12m 17s,12m 18s,Right?,0.36,737.74,738.1,75,,,,,,,,0,0,0,0,0,0,0
teacher,12m 18s,12m 19s,Theodore Roosevelt.,1.16,738.1,739.26,75,,,,,,,,0,0,0,0,0,0,0
teacher,12m 19s,12m 19s,,0.08,739.26,739.34,75,,,,,,,,0,0,0,0,0,0,0
teacher,12m 19s,12m 20s,What country is he protecting?,1.52,739.34,740.86,75,,,,,,,,0,0,0,0,0,0,0
teacher,12m 20s,12m 21s,Who?,0.21,740.86,741.07,75,,,,,,,,0,0,0,0,0,0,0
teacher,12m 21s,12m 21s,,0.07,741.07,741.14,75,,,,,,,,0,0,0,0,0,0,0
teacher,12m 21s,12m 22s,Who is he standing over?,1.28,741.14,742.42,75,1.0,,,,,,,10,0,0,0,0,0,0
student,12m 22s,12m 23s,[Untranscribed],1.04,742.42,743.46,76,,,,,,,,0,0,0,0,0,0,0
teacher,12m 23s,12m 24s,What country?,0.72,743.46,744.18,77,1.0,,,,,,,11,0,0,0,0,0,0
student,12m 24s,12m 25s,[Untranscribed],1.76,744.18,745.94,78,,,,,,,,0,0,0,0,0,0,0
teacher,12m 25s,12m 26s,America.,0.8,745.94,746.74,79,,,,,,,,0,0,0,0,0,0,0
teacher,12m 26s,12m 27s,America.,0.76,746.74,747.5,79,,,,,,,,0,0,0,0,0,0,0
teacher,12m 27s,12m 28s,The U.S.,0.6,747.5,748.1,79,1.0,,,,,,,12,0,0,0,0,0,0
teacher,12m 28s,12m 29s,,1.04,748.1,749.14,79,1.0,,,,,,,12,0,0,0,0,0,0
teacher,12m 29s,12m 31s,"all right, and who is he separating?",2.08,749.14,751.22,79,1.0,,,,,,,12,0,0,0,0,0,0
student,12m 31s,12m 35s,[Untranscribed],3.92,751.22,755.14,80,,,,,,,,0,0,0,0,0,0,0
teacher,12m 35s,12m 35s,Europe.,0.4,755.14,755.54,81,,,,,,,,0,0,0,0,0,0,0
teacher,12m 35s,12m 35s,,0.24,755.54,755.78,81,,,,,,,,0,0,0,0,0,0,0
teacher,12m 35s,12m 36s,"Yeah, Here is Europe.",1.2,755.78,756.98,81,,,,,,,,0,0,0,0,0,0,0
teacher,12m 36s,12m 37s,,0.72,756.98,757.7,81,,,,,,,,0,0,0,0,0,0,0
teacher,12m 37s,12m 40s,And what parts of the Americas is the US taking over?,3.2,757.7,760.9,81,1.0,,,,,,,13,0,0,0,0,0,0
student,12m 40s,12m 43s,[Untranscribed],2.48,760.9,763.38,82,,,,,,,,0,0,0,0,0,0,0
teacher,12m 43s,12m 44s,Latin America.,1.2,763.38,764.58,83,,,,,,,,0,0,0,0,0,0,0
teacher,12m 44s,12m 44s,,0.4,764.58,764.98,83,,,,,,,,0,0,0,0,0,0,0
teacher,12m 44s,12m 46s,"All right, so here's the big city.",1.8,764.98,766.78,83,,,,,,,,0,0,0,0,0,0,0
teacher,12m 46s,12m 47s,,0.71,766.78,767.49,83,,,,,,,,0,0,0,0,0,0,0
teacher,12m 47s,13m 2s,"We're wielding it over Latin America, South America, and all these other countries, taking control of them while threatening Europe and keeping them out while building up our own military, our own power, and our own resource.",14.56,767.49,782.05,83,,,,,,,,0,0,0,0,0,0,0
teacher,13m 2s,13m 2s,,0.639,782.05,782.689,83,,,,,,,,0,0,0,0,0,0,0
teacher,13m 2s,13m 3s,All right?,0.561,782.689,783.25,83,,,,,,,,0,0,0,0,0,0,0
student,13m 3s,13m 4s,[Untranscribed],1.52,783.25,784.77,84,,,,,,,,0,0,0,0,0,0,0
teacher,13m 4s,13m 5s,Boom.,0.56,784.77,785.33,85,,,,,,,,0,0,0,0,0,0,0
student,13m 5s,13m 7s,[Untranscribed],1.92,785.33,787.25,86,,,,,,,,0,0,0,0,0,0,0
teacher,13m 7s,13m 9s,"So, number two, Taft.",1.76,787.25,789.01,87,1.0,,,,,,,14,0,0,0,0,0,0
teacher,13m 9s,13m 11s,This is the guy that got stuck in the bathtub a lot.,2.88,789.01,791.89,87,,,,,,,,0,0,0,0,0,0,0
teacher,13m 11s,13m 12s,,0.57,791.89,792.46,87,,,,,,,,0,0,0,0,0,0,0
teacher,13m 12s,13m 14s,Weighed like over 300 pounds.,1.8,792.46,794.26,87,,,,,,,,0,0,0,0,0,0,0
teacher,13m 14s,13m 15s,"Big guy, all right?",1.56,794.26,795.82,87,,,,,,,,0,0,0,0,0,0,0
teacher,13m 15s,13m 19s,He's also the father of American dollar diplomacy.,3.76,795.82,799.58,87,,,,,,,,0,0,0,0,0,0,0
teacher,13m 19s,13m 19s,,0.32,799.58,799.9,87,,,,,,,,0,0,0,0,0,0,0
teacher,13m 19s,13m 20s,All right?,0.52,799.9,800.42,87,,,,,,,,0,0,0,0,0,0,0
teacher,13m 20s,13m 24s,"So this is an economic policy, all right?",3.8,800.42,804.22,87,,,,,,,,0,0,0,0,0,0,0
teacher,13m 24s,13m 29s,It's building friends and oppressing our enemies through money.,5.12,804.22,809.34,87,,,,,,,,0,0,0,0,0,0,0
teacher,13m 29s,13m 29s,,0.64,809.34,809.98,87,,,,,,,,0,0,0,0,0,0,0
teacher,13m 29s,13m 30s,All right?,0.44,809.98,810.42,87,,,,,,,,0,0,0,0,0,0,0
teacher,13m 30s,13m 37s,The idea is to protect American money while also increasing our global influence.,7.0,810.42,817.42,87,,,,,,,,0,0,0,0,0,0,0
teacher,13m 37s,13m 38s,,0.89,817.42,818.31,87,,,,,,,,0,0,0,0,0,0,0
teacher,13m 38s,13m 46s,"So if a country does something we like, hey, you know that Bill Gates foundation, he's going to come in and help you.",8.28,818.31,826.59,87,,,,,,,,0,0,0,0,0,0,0
teacher,13m 46s,13m 52s,"And you know Bezos, he's going to come in and help you, and we're going to give you some government aid to help feed your people.",5.8,826.59,832.39,87,,,,,,,,0,0,0,0,0,0,0
teacher,13m 52s,13m 53s,,0.72,832.39,833.11,87,,,,,,,,0,0,0,0,0,0,0
teacher,13m 53s,13m 59s,"And if you need someone to back you up in a conflict, we'll be there with our giant military, all right?",6.64,833.11,839.75,87,,,,,,,,0,0,0,0,0,0,0
teacher,13m 59s,14m 0s,,1.2,839.75,840.95,87,,,,,,,,0,0,0,0,0,0,0
teacher,14m 0s,14m 5s,But it's also saying we're going to punish you economically if you do something bad.,4.48,840.95,845.43,87,,,,,,,,0,0,0,0,0,0,0
teacher,14m 5s,14m 5s,,0.56,845.43,845.99,87,,,,,,,,0,0,0,0,0,0,0
teacher,14m 5s,14m 7s,Like Putin when he invaded Ukraine.,2.0,845.99,847.99,87,,,,,,,,0,0,0,0,0,0,0
teacher,14m 7s,14m 8s,,0.32,847.99,848.31,87,,,,,,,,0,0,0,0,0,0,0
teacher,14m 8s,14m 10s,No more American companies for them.,2.16,848.31,850.47,87,,,,,,,,0,0,0,0,0,0,0
teacher,14m 10s,14m 11s,No more McDonald's.,1.36,850.47,851.83,87,,,,,,,,0,0,0,0,0,0,0
teacher,14m 11s,14m 12s,,0.4,851.83,852.23,87,,,,,,,,0,0,0,0,0,0,0
teacher,14m 12s,14m 13s,No more ExxonMobil.,1.68,852.23,853.91,87,,,,,,,,0,0,0,0,0,0,0
teacher,14m 13s,14m 14s,,0.32,853.91,854.23,87,,,,,,,,0,0,0,0,0,0,0
teacher,14m 14s,14m 15s,No more Visa.,1.28,854.23,855.51,87,,,,,,,,0,0,0,0,0,0,0
student,14m 15s,14m 16s,[Untranscribed],1.04,855.51,856.55,88,,,,,,,,0,0,0,0,0,0,0
teacher,14m 16s,14m 17s,No trade whatsoever.,1.44,856.55,857.99,89,,,,,,,,0,0,0,0,0,0,0
teacher,14m 17s,14m 18s,,0.48,857.99,858.47,89,,,,,,,,0,0,0,0,0,0,0
teacher,14m 18s,14m 26s,"In fact, getting a tourist visa to go into Russia, even just to see the Kremlin, is very difficult now for an American citizen to do.",8.0,858.47,866.47,89,,,,,,,,0,0,0,0,0,0,0
teacher,14m 26s,14m 26s,,0.143,866.47,866.613,89,,,,,,,,0,0,0,0,0,0,0
student,14m 26s,14m 29s,[Untranscribed],2.734,866.613,869.347,90,,,,,,,,0,0,0,0,0,0,0
silence,14m 29s,14m 33s,,3.693,869.347,873.04,91,,,,,,,,0,0,0,0,0,0,0
teacher,14m 33s,14m 34s,Would you ask him to.,0.96,873.04,874.0,92,,,,,,,,0,0,0,0,0,0,0
teacher,14m 34s,14m 34s,,0.08,874.0,874.08,92,,,,,,,,0,0,0,0,0,0,0
teacher,14m 34s,14m 35s,He said to send you.,1.2,874.08,875.28,92,,,,,,,,0,0,0,0,0,0,0
teacher,14m 35s,14m 35s,,0.16,875.28,875.44,92,,,,,,,,0,0,0,0,0,0,0
teacher,14m 35s,14m 38s,Send him an email and.,3.48,875.44,878.92,92,,,,,,,,0,0,0,0,0,0,0
teacher,14m 38s,14m 40s,Because he's with another student.,1.48,878.92,880.4,92,,,,,,,,0,0,0,0,0,0,0
teacher,14m 40s,14m 41s,,1.147,880.4,881.547,92,,,,,,,,0,0,0,0,0,0,0
student,14m 41s,14m 44s,[Untranscribed],2.933,881.547,884.48,93,,,,,,,,0,0,0,0,0,0,0
teacher,14m 44s,14m 50s,"Right, so we should have Taft written down.",5.68,884.48,890.16,94,,,,,,,,0,0,0,0,0,0,0
student,14m 50s,14m 51s,[Untranscribed],1.6,890.16,891.76,95,,,,,,,,0,0,0,0,0,0,0
teacher,14m 51s,14m 52s,Written down.,0.88,891.76,892.64,96,,,,,,,,0,0,0,0,0,0,0
teacher,14m 52s,14m 53s,,0.56,892.64,893.2,96,,,,,,,,0,0,0,0,0,0,0
teacher,14m 53s,15m 6s,"Our example is when we loaned money to Nicaraguan rebels to overthrow their anti US Government, we wanted their trade, we wanted their Resources.",13.44,893.2,906.64,96,,,,,,,,0,0,0,0,0,0,0
teacher,15m 6s,15m 6s,,0.08,906.64,906.72,96,,,,,,,,0,0,0,0,0,0,0
teacher,15m 6s,15m 17s,"We wanted power over the region, so we funded a revolution to oust the government that existed there to put in one that we liked that would work with us.",10.48,906.72,917.2,96,,,,,,,,0,0,0,0,0,0,0
student,15m 17s,15m 18s,[Untranscribed],1.12,917.2,918.32,97,,,,,,,,0,0,0,0,0,0,0
teacher,15m 18s,15m 19s,Money is power.,1.04,918.32,919.36,98,,,,,,,,0,0,0,0,0,0,0
teacher,15m 19s,15m 20s,,0.64,919.36,920.0,98,,,,,,,,0,0,0,0,0,0,0
teacher,15m 20s,15m 21s,You need resources for money.,1.6,920.0,921.6,98,,,,,,,,0,0,0,0,0,0,0
teacher,15m 21s,15m 22s,,0.56,921.6,922.16,98,,,,,,,,0,0,0,0,0,0,0
teacher,15m 22s,15m 23s,Conqueror would be conquered.,1.22,922.16,923.38,98,,,,,,,,0,0,0,0,0,0,0
student,15m 23s,15m 24s,[Untranscribed],1.19,923.38,924.57,99,,,,,,,,0,0,0,0,0,0,0
teacher,15m 24s,15m 35s,"All right, we're moving on to our last diplomacy, which is moral diplomacy.",11.12,924.57,935.69,100,,,,,,,,0,0,0,0,0,0,0
student,15m 35s,15m 36s,[Untranscribed],1.2,935.69,936.89,101,,,,,,,,0,0,0,0,0,0,0
teacher,15m 36s,15m 48s,"This is simply the idea of let's make friends, let's be friends, let's hear other people's ideas, let's have a place to go and talk so we can avoid conflict.",12.0,936.89,948.89,102,,,,,,,,0,0,0,0,0,0,0
student,15m 48s,15m 50s,[Untranscribed],1.21,948.89,950.1,103,,,,,,,,0,0,0,0,0,0,0
teacher,15m 50s,16m 0s,"All right, so moral diplomacy was the idea that we should use honesty and cooperation, all right, As a human race, to avoid war.",10.16,950.1,960.26,104,,,,,,,,0,0,0,0,0,0,0
teacher,16m 0s,16m 0s,,0.093,960.26,960.353,104,,,,,,,,0,0,0,0,0,0,0
silence,16m 0s,16m 2s,,2.067,960.353,962.42,105,,,,,,,,0,0,0,0,0,0,0
teacher,16m 2s,16m 2s,All right?,0.56,962.42,962.98,106,,,,,,,,0,0,0,0,0,0,0
teacher,16m 2s,16m 3s,,0.24,962.98,963.22,106,,,,,,,,0,0,0,0,0,0,0
teacher,16m 3s,16m 11s,"Instead of sending thousands of young men to go die in a battlefield, we should instead go to a room and talk about it.",8.56,963.22,971.78,106,,,,,,,,0,0,0,0,0,0,0
teacher,16m 11s,16m 12s,,0.8,971.78,972.58,106,,,,,,,,0,0,0,0,0,0,0
teacher,16m 12s,16m 13s,Crazy.,0.8,972.58,973.38,106,,,,,,,,0,0,0,0,0,0,0
teacher,16m 13s,16m 13s,,0.48,973.38,973.86,106,,,,,,,,0,0,0,0,0,0,0
teacher,16m 13s,16m 14s,All right?,0.64,973.86,974.5,106,,,,,,,,0,0,0,0,0,0,0
teacher,16m 14s,16m 14s,,0.44,974.5,974.94,106,,,,,,,,0,0,0,0,0,0,0
teacher,16m 14s,16m 23s,It uses the idea that the United States has a moral obligation to protect democracy worldwide.,8.88,974.94,983.82,106,,,,,,,,0,0,0,0,0,0,0
teacher,16m 23s,16m 24s,,0.88,983.82,984.7,106,,,,,,,,0,0,0,0,0,0,0
teacher,16m 24s,16m 25s,All right?,0.56,984.7,985.26,106,,,,,,,,0,0,0,0,0,0,0
teacher,16m 25s,16m 25s,,0.24,985.26,985.5,106,,,,,,,,0,0,0,0,0,0,0
teacher,16m 25s,16m 37s,An example of this is anytime the United States supports a democracy over a government that tends to be very harsh or authoritarian.,11.6,985.5,997.1,106,,,,,,,,0,0,0,0,0,0,0
teacher,16m 37s,16m 37s,,0.64,997.1,997.74,106,,,,,,,,0,0,0,0,0,0,0
teacher,16m 37s,17m 0s,"So when we allied ourselves with the British and French, the French during World War II, in opposition against imperialistic Japan and N*** Germany, whenever we support Ukraine, which is a democratic nation that is currently fighting against Russia, who has a long history of authoritarianism, anytime we do that, that is moral diplomacy.",23.13,997.74,1020.87,106,,,,,,,,0,0,0,0,0,0,0
student,17m 0s,17m 2s,[Untranscribed],1.92,1020.87,1022.79,107,,,,,,,,0,0,0,0,0,0,0
teacher,17m 2s,17m 10s,"All right, so you are now going to use your notes to take a five question quiz on progress learning.",8.17,1022.79,1030.96,108,,,,,,,,0,0,0,0,0,0,0
teacher,17m 10s,17m 11s,,0.4,1030.96,1031.36,108,,,,,,,,0,0,0,0,0,0,0
teacher,17m 11s,17m 15s,It will force you to do the quiz until you pass.,3.76,1031.36,1035.12,108,,,,,,,,0,0,0,0,0,0,0
student,17m 15s,17m 16s,[Untranscribed],1.04,1035.12,1036.16,109,,,,,,,,0,0,0,0,0,0,0
teacher,17m 16s,17m 16s,All right?,0.52,1036.16,1036.68,110,,,,,,,,0,0,0,0,0,0,0
teacher,17m 16s,17m 19s,So you have to get a 60% at the least.,3.08,1036.68,1039.76,110,,,,,,,,0,0,0,0,0,0,0
teacher,17m 19s,17m 20s,,0.8,1039.76,1040.56,110,,,,,,,,0,0,0,0,0,0,0
teacher,17m 20s,17m 22s,"All right, so use your notes.",2.319,1040.56,1042.879,110,,,,,,,,0,0,0,0,0,0,0
teacher,17m 22s,17m 23s,,0.481,1042.879,1043.36,110,,,,,,,,0,0,0,0,0,0,0
teacher,17m 23s,17m 35s,"When you are finished, I want you to either implement the progress learning study plan or on schoology, we have some new resources.",12.25,1043.36,1055.61,110,,,,,,,,0,0,0,0,0,0,0
student,17m 35s,17m 37s,[Untranscribed],1.68,1055.61,1057.29,111,,,,,,,,0,0,0,0,0,0,0
teacher,17m 37s,17m 43s,"In our imperialism folder, we have the additional study folder.",6.24,1057.29,1063.53,112,,,,,,,,0,0,0,0,0,0,0
teacher,17m 43s,17m 43s,,0.4,1063.53,1063.93,112,,,,,,,,0,0,0,0,0,0,0
teacher,17m 43s,17m 47s,"When you finish your quiz, I want you to add to your notes.",3.12,1063.93,1067.05,112,,,,,,,,0,0,0,0,0,0,0
teacher,17m 47s,17m 48s,"Yes, Gabriel, thank you.",1.44,1067.05,1068.49,112,,,,,,,,0,0,0,0,0,0,0
teacher,17m 48s,17m 48s,,0.32,1068.49,1068.81,112,,,,,,,,0,0,0,0,0,0,0
teacher,17m 48s,17m 53s,"All right, you can use the textbook and there's directions to translate it.",4.8,1068.81,1073.61,112,,,,,,,,0,0,0,0,0,0,0
teacher,17m 53s,17m 54s,,0.48,1073.61,1074.09,112,,,,,,,,0,0,0,0,0,0,0
teacher,17m 54s,17m 58s,"You can use video, flowers.",4.75,1074.09,1078.84,112,,,,,,,,0,0,0,0,0,0,0
teacher,17m 58s,17m 59s,"Oh, thank you.",0.96,1078.84,1079.8,112,,,,,,,,0,0,0,0,0,0,0
student,17m 59s,18m 2s,[Untranscribed],2.88,1079.8,1082.68,113,,,,,,,,0,0,0,0,0,0,0
teacher,18m 2s,18m 3s,All right.,0.56,1082.68,1083.24,114,,,,,,,,0,0,0,0,0,0,0
teacher,18m 3s,18m 3s,,0.4,1083.24,1083.64,114,,,,,,,,0,0,0,0,0,0,0
teacher,18m 3s,18m 5s,Vocab wall and visuals.,2.08,1083.64,1085.72,114,,,,,,,,0,0,0,0,0,0,0
teacher,18m 5s,18m 6s,,0.48,1085.72,1086.2,114,,,,,,,,0,0,0,0,0,0,0
teacher,18m 6s,18m 6s,Hi.,0.48,1086.2,1086.68,114,,,,,,,,0,0,0,0,0,0,0
teacher,18m 6s,18m 7s,,0.64,1086.68,1087.32,114,,,,,,,,0,0,0,0,0,0,0
teacher,18m 7s,18m 8s,Thank you so much.,0.96,1087.32,1088.28,114,,,,,,,,0,0,0,0,0,0,0
teacher,18m 8s,18m 12s,And I have a old face over there that I can get back to you guys.,3.76,1088.28,1092.04,114,,,,,,,,0,0,0,0,0,0,0
teacher,18m 12s,18m 12s,,0.56,1092.04,1092.6,114,,,,,,,,0,0,0,0,0,0,0
teacher,18m 12s,18m 17s,"All right, so go ahead to progress learning, access your quiz.",5.12,1092.6,1097.72,114,,,,,,,,0,0,0,0,0,0,0
teacher,18m 17s,18m 17s,,0.08,1097.72,1097.8,114,,,,,,,,0,0,0,0,0,0,0
teacher,18m 17s,18m 20s,I will come around and make sure that you found.,2.4,1097.8,1100.2,114,,,,,,,,0,0,0,0,0,0,0
student,18m 20s,18m 23s,[Untranscribed],3.186,1100.2,1103.386,115,,,,,,,,0,0,0,0,0,0,0
silence,18m 23s,18m 25s,,2.177,1103.386,1105.563,116,,,,,,,,0,0,0,0,0,0,0
student,18m 25s,18m 27s,[Untranscribed],1.927,1105.563,1107.49,117,,,,,,,,0,0,0,0,0,0,0
teacher,18m 27s,18m 28s,Thank you so much.,0.88,1107.49,1108.37,118,,,,,,,,0,0,0,0,0,0,0
student,18m 28s,18m 30s,[Untranscribed],2.4,1108.37,1110.77,119,,,,,,,,0,0,0,0,0,0,0
teacher,18m 30s,18m 37s,"All right, guys, so for now, time, I will come around.",6.88,1110.77,1117.65,120,,,,,,,,0,0,0,0,0,0,0
teacher,18m 37s,18m 38s,I'll make sure we've all found it.,1.32,1117.65,1118.97,120,,,,,,,,0,0,0,0,0,0,0
teacher,18m 38s,18m 39s,Okay?,0.279,1118.97,1119.249,120,,,,,1.0,,,0,0,0,0,2,0,0
teacher,18m 39s,18m 39s,Good school.,0.641,1119.249,1119.89,120,,,,,1.0,,,0,0,0,0,2,0,0
student,18m 39s,18m 41s,[Untranscribed],1.12,1119.89,1121.01,121,,,,,,,,0,0,0,0,0,0,0
teacher,18m 41s,18m 41s,Click here.,0.72,1121.01,1121.73,122,,,,,,,,0,0,0,0,0,0,0
teacher,18m 41s,18m 42s,,0.775,1121.73,1122.505,122,,,,,,,,0,0,0,0,0,0,0
student,18m 42s,18m 44s,[Untranscribed],1.945,1122.505,1124.45,123,,,,,,,,0,0,0,0,0,0,0
teacher,18m 44s,18m 45s,Progress learning.,0.96,1124.45,1125.41,124,,,,,,,,0,0,0,0,0,0,0
teacher,18m 45s,18m 45s,,0.099,1125.41,1125.509,124,,,,,,,,0,0,0,0,0,0,0
silence,18m 45s,18m 47s,,2.221,1125.509,1127.73,125,,,,,,,,0,0,0,0,0,0,0
teacher,18m 47s,18m 48s,Click.,0.48,1127.73,1128.21,126,,,,,,,,0,0,0,0,0,0,0
teacher,18m 48s,18m 48s,,0.08,1128.21,1128.29,126,,,,,,,,0,0,0,0,0,0,0
teacher,18m 48s,18m 48s,Continue.,0.4,1128.29,1128.69,126,,,,,,,,0,0,0,0,0,0,0
student,18m 48s,18m 55s,[Untranscribed],7.21,1128.69,1135.9,127,,,,,,,,0,0,0,0,0,0,0
teacher,18m 55s,18m 56s,Log in with the cloud.,1.04,1135.9,1136.94,128,,,,,,,,0,0,0,0,0,0,0
student,18m 56s,18m 59s,[Untranscribed],2.32,1136.94,1139.26,129,,,,,,,,0,0,0,0,0,0,0
teacher,18m 59s,19m 7s,Login square magic.,7.76,1139.26,1147.02,130,,,,,,,,0,0,0,0,0,0,0
teacher,19m 7s,19m 7s,,0.477,1147.02,1147.497,130,,,,,,,,0,0,0,0,0,0,0
student,19m 7s,19m 12s,[Untranscribed],4.803,1147.497,1152.3,131,,,,,,,,0,0,0,0,0,0,0
teacher,19m 12s,19m 16s,"All right, guys, as soon as you're done with the place, raise your hand.",4.0,1152.3,1156.3,132,,,,,,,,0,0,0,0,0,0,0
teacher,19m 16s,19m 18s,I'll come show you how the access to text was.,2.68,1156.3,1158.98,132,,,,,,,,0,0,0,0,0,0,0
student,19m 18s,19m 21s,[Untranscribed],2.08,1158.98,1161.06,133,,,,,,,,0,0,0,0,0,0,0
teacher,19m 21s,19m 21s,"Yep, right there.",0.84,1161.06,1161.9,134,,,,,,,,0,0,0,0,0,0,0
teacher,19m 21s,19m 22s,Go ahead.,0.36,1161.9,1162.26,134,,,,,,,,0,0,0,0,0,0,0
teacher,19m 22s,19m 22s,Begin.,0.48,1162.26,1162.74,134,,,,,,,,0,0,0,0,0,0,0
teacher,19m 22s,19m 23s,,0.32,1162.74,1163.06,134,,,,,,,,0,0,0,0,0,0,0
teacher,19m 23s,19m 25s,"All right, Click three.",2.24,1163.06,1165.3,134,,,,,,,,0,0,0,0,0,0,0
teacher,19m 25s,19m 26s,,1.198,1165.3,1166.498,134,,,,,,,,0,0,0,0,0,0,0
student,19m 26s,19m 28s,[Untranscribed],2.162,1166.498,1168.66,135,,,,,,,,0,0,0,0,0,0,0
teacher,19m 28s,19m 30s,Click the link number five.,1.52,1168.66,1170.18,136,,,,,,,,0,0,0,0,0,0,0
student,19m 30s,19m 37s,[Untranscribed],6.96,1170.18,1177.14,137,,,,,,,,0,0,0,0,0,0,0
teacher,19m 37s,19m 38s,"All right, scroll down",1.36,1177.14,1178.5,138,,,,,,,,0,0,0,0,0,0,0
student,19m 38s,19m 41s,[Untranscribed],3.0,1178.5,1181.5,139,,,,,,,,0,0,0,0,0,0,0
silence,19m 41s,19m 43s,,2.295,1181.5,1183.795,140,,,,,,,,0,0,0,0,0,0,0
student,19m 43s,19m 46s,[Untranscribed],2.715,1183.795,1186.51,141,,,,,,,,0,0,0,0,0,0,0
teacher,19m 46s,19m 46s,right there.,0.48,1186.51,1186.99,142,,,,,,,,0,0,0,0,0,0,0
teacher,19m 46s,19m 47s,,0.062,1186.99,1187.052,142,,,,,,,,0,0,0,0,0,0,0
silence,19m 47s,19m 49s,,1.974,1187.052,1189.027,143,,,,,,,,0,0,0,0,0,0,0
student,19m 49s,19m 54s,[Untranscribed],5.843,1189.027,1194.87,144,,,,,,,,0,0,0,0,0,0,0
teacher,19m 54s,19m 56s,[Untranscribed],2.0,1194.87,1196.87,145,,,,,,,,0,0,0,0,0,0,0
student,19m 56s,20m 0s,[Untranscribed],4.04,1196.87,1200.91,146,,,,,,,,0,0,0,0,0,0,0
teacher,20m 0s,20m 2s,[Untranscribed],1.6,1200.91,1202.51,147,,,,,,,,0,0,0,0,0,0,0
student,20m 2s,20m 10s,[Untranscribed],8.44,1202.51,1210.95,148,,,,,,,,0,0,0,0,0,0,0
teacher,20m 10s,20m 13s,[Untranscribed],3.0,1210.95,1213.95,149,,,,,,,,0,0,0,0,0,0,0
student,20m 13s,20m 22s,[Untranscribed],8.557,1213.95,1222.507,150,,,,,,,,0,0,0,0,0,0,0
silence,20m 22s,20m 24s,,1.991,1222.507,1224.498,151,,,,,,,,0,0,0,0,0,0,0
student,20m 24s,20m 32s,[Untranscribed],8.192,1224.498,1232.69,152,,,,,,,,0,0,0,0,0,0,0
teacher,20m 32s,20m 32s,Facebook.,0.24,1232.69,1232.93,153,,,,,,,,0,0,0,0,0,0,0
student,20m 32s,20m 33s,[Untranscribed],1.0,1232.93,1233.93,154,,,,,,,,0,0,0,0,0,0,0
teacher,20m 33s,20m 38s,[Untranscribed],4.574,1233.93,1238.504,155,,,,,,,,0,0,0,0,0,0,0
student,20m 38s,20m 57s,[Untranscribed],19.316,1238.504,1257.82,156,,,,,,,,0,0,0,0,0,0,0
teacher,20m 57s,20m 58s,Jennifer.,0.48,1257.82,1258.3,157,,,,,,,,0,0,0,0,0,0,0
student,20m 58s,20m 59s,[Untranscribed],1.602,1258.3,1259.902,158,,,,,,,,0,0,0,0,0,0,0
silence,20m 59s,21m 2s,,2.599,1259.902,1262.5,159,,,,,,,,0,0,0,0,0,0,0
student,21m 2s,21m 5s,[Untranscribed],2.55,1262.5,1265.05,160,,,,,,,,0,0,0,0,0,0,0
teacher,21m 5s,21m 7s,[Untranscribed],2.0,1265.05,1267.05,161,,,,,,,,0,0,0,0,0,0,0
student,21m 7s,21m 14s,[Untranscribed],7.448,1267.05,1274.498,162,,,,,,,,0,0,0,0,0,0,0
silence,21m 14s,21m 23s,,9.011,1274.498,1283.51,163,,,,,,,,0,0,0,0,0,0,0
student,21m 23s,21m 35s,[Untranscribed],11.61,1283.51,1295.12,164,,,,,,,,0,0,0,0,0,0,0
teacher,21m 35s,21m 41s,[Untranscribed],6.0,1295.12,1301.12,165,,,,,,,,0,0,0,0,0,0,0
student,21m 41s,21m 48s,[Untranscribed],7.39,1301.12,1308.51,166,,,,,,,,0,0,0,0,0,0,0
teacher,21m 48s,21m 50s,[Untranscribed],2.0,1308.51,1310.51,167,,,,,,,,0,0,0,0,0,0,0
silence,21m 50s,21m 52s,,1.991,1310.51,1312.501,168,,,,,,,,0,0,0,0,0,0,0
student,21m 52s,21m 54s,[Untranscribed],1.999,1312.501,1314.5,169,,,,,,,,0,0,0,0,0,0,0
teacher,21m 54s,22m 1s,[Untranscribed],7.3,1314.5,1321.8,170,,,,,,,,0,0,0,0,0,0,0
student,22m 1s,22m 3s,[Untranscribed],1.703,1321.8,1323.503,171,,,,,,,,0,0,0,0,0,0,0
teacher,22m 3s,22m 14s,,10.907,1323.503,1334.41,172,,,,,,,,0,0,0,0,0,0,0
teacher,22m 14s,22m 14s,No.,0.24,1334.41,1334.65,172,,,,,,,,0,0,0,0,0,0,0
teacher,22m 14s,22m 18s,,3.68,1334.65,1338.33,172,,,,,,,,0,0,0,0,0,0,0
teacher,22m 18s,22m 28s,"All right, so what I want you to do is just add to your personal notes for the personal city order three and five.",9.84,1338.33,1348.17,172,,,,,,,,0,0,0,0,0,0,0
student,22m 28s,22m 29s,[Untranscribed],1.51,1348.17,1349.68,173,,,,,,,,0,0,0,0,0,0,0
teacher,22m 29s,22m 33s,[Untranscribed],4.0,1349.68,1353.68,174,,,,,,,,0,0,0,0,0,0,0
student,22m 33s,22m 34s,[Untranscribed],1.16,1353.68,1354.84,175,,,,,,,,0,0,0,0,0,0,0
teacher,22m 34s,22m 38s,[Untranscribed],4.0,1354.84,1358.84,176,,,,,,,,0,0,0,0,0,0,0
student,22m 38s,22m 47s,[Untranscribed],8.9,1358.84,1367.74,177,,,,,,,,0,0,0,0,0,0,0
teacher,22m 47s,22m 50s,[Untranscribed],3.0,1367.74,1370.74,178,,,,,,,,0,0,0,0,0,0,0
student,22m 50s,22m 51s,[Untranscribed],1.195,1370.74,1371.935,179,,,,,,,,0,0,0,0,0,0,0
teacher,22m 51s,22m 53s,[Untranscribed],1.995,1371.935,1373.93,180,,,,,,,,0,0,0,0,0,0,0
student,22m 53s,22m 55s,[Untranscribed],1.89,1373.93,1375.82,181,,,,,,,,0,0,0,0,0,0,0
teacher,22m 55s,22m 57s,[Untranscribed],2.0,1375.82,1377.82,182,,,,,,,,0,0,0,0,0,0,0
student,22m 57s,23m 1s,[Untranscribed],3.683,1377.82,1381.503,183,,,,,,,,0,0,0,0,0,0,0
silence,23m 1s,23m 4s,,3.004,1381.503,1384.507,184,,,,,,,,0,0,0,0,0,0,0
student,23m 4s,23m 9s,[Untranscribed],5.003,1384.507,1389.51,185,,,,,,,,0,0,0,0,0,0,0
teacher,23m 9s,23m 11s,[Untranscribed],2.0,1389.51,1391.51,186,,,,,,,,0,0,0,0,0,0,0
student,23m 11s,23m 16s,[Untranscribed],5.0,1391.51,1396.51,187,,,,,,,,0,0,0,0,0,0,0
teacher,23m 16s,23m 20s,[Untranscribed],4.0,1396.51,1400.51,188,,,,,,,,0,0,0,0,0,0,0
student,23m 20s,23m 21s,[Untranscribed],1.43,1400.51,1401.94,189,,,,,,,,0,0,0,0,0,0,0
teacher,23m 21s,23m 31s,[Untranscribed],9.31,1401.94,1411.25,190,,,,,,,,0,0,0,0,0,0,0
student,23m 31s,23m 33s,[Untranscribed],1.76,1411.25,1413.01,191,,,,,,,,0,0,0,0,0,0,0
teacher,23m 33s,23m 37s,[Untranscribed],4.0,1413.01,1417.01,192,,,,,,,,0,0,0,0,0,0,0
student,23m 37s,23m 41s,[Untranscribed],4.79,1417.01,1421.8,193,,,,,,,,0,0,0,0,0,0,0
teacher,23m 41s,23m 49s,[Untranscribed],7.83,1421.8,1429.63,194,,,,,,,,0,0,0,0,0,0,0
student,23m 49s,23m 54s,[Untranscribed],5.03,1429.63,1434.66,195,,,,,,,,0,0,0,0,0,0,0
teacher,23m 54s,23m 56s,[Untranscribed],1.87,1434.66,1436.53,196,,,,,,,,0,0,0,0,0,0,0
student,23m 56s,23m 56s,There's.,0.4,1436.53,1436.93,197,,,,,,,,0,0,0,0,0,0,0
student,23m 56s,24m 1s,,4.16,1436.93,1441.09,197,,,,,,,,0,0,0,0,0,0,0
teacher,24m 1s,24m 6s,,4.96,1441.09,1446.05,198,,,,,,,,0,0,0,0,0,0,0
teacher,24m 6s,24m 13s,"All right, so you ever need scrap additional paper there, but you can also just add it to your paper that you have.",7.44,1446.05,1453.49,198,,,,,,,,0,0,0,0,0,0,0
student,24m 13s,24m 16s,[Untranscribed],2.72,1453.49,1456.21,199,,,,,,,,0,0,0,0,0,0,0
teacher,24m 16s,24m 17s,"Jennifer,",0.88,1456.21,1457.09,200,,,,,,,,0,0,0,0,0,0,0
student,24m 17s,24m 19s,[Untranscribed],2.409,1457.09,1459.499,201,,,,,,,,0,0,0,0,0,0,0
silence,24m 19s,24m 21s,,2.244,1459.499,1461.743,202,,,,,,,,0,0,0,0,0,0,0
student,24m 21s,24m 26s,[Untranscribed],4.776,1461.743,1466.519,203,,,,,,,,0,0,0,0,0,0,0
silence,24m 26s,24m 28s,,2.042,1466.519,1468.561,204,,,,,,,,0,0,0,0,0,0,0
student,24m 28s,24m 31s,[Untranscribed],2.936,1468.561,1471.497,205,,,,,,,,0,0,0,0,0,0,0
silence,24m 31s,24m 33s,,2.109,1471.497,1473.607,206,,,,,,,,0,0,0,0,0,0,0
student,24m 33s,24m 38s,[Untranscribed],4.894,1473.607,1478.5,207,,,,,,,,0,0,0,0,0,0,0
teacher,24m 38s,24m 40s,[Untranscribed],2.008,1478.5,1480.508,208,,,,,,,,0,0,0,0,0,0,0
student,24m 40s,24m 41s,[Untranscribed],1.232,1480.508,1481.74,209,,,,,,,,0,0,0,0,0,0,0
teacher,24m 41s,24m 45s,[Untranscribed],4.0,1481.74,1485.74,210,,,,,,,,0,0,0,0,0,0,0
student,24m 45s,24m 47s,,1.85,1485.74,1487.59,211,,,,,,,,0,0,0,0,0,0,0
student,24m 47s,24m 48s,whatever you need to do.,0.8,1487.59,1488.39,211,,,,,,,,0,0,0,0,0,0,0
student,24m 48s,24m 49s,,1.36,1488.39,1489.75,211,,,,,,,,0,0,0,0,0,0,0
teacher,24m 49s,24m 50s,Perfect.,0.48,1489.75,1490.23,212,,,,,1.0,,,0,0,0,0,3,0,0
teacher,24m 50s,24m 51s,,0.88,1490.23,1491.11,212,,,,,1.0,,,0,0,0,0,3,0,0
teacher,24m 51s,24m 55s,"All right, so I'm going to show you",4.32,1491.11,1495.43,212,,,,,1.0,,,0,0,0,0,3,0,0
teacher,24m 55s,24m 59s,,4.0,1495.43,1499.43,212,,,,,,,,0,0,0,0,0,0,0
student,24m 59s,25m 7s,[Untranscribed],7.775,1499.43,1507.205,213,,,,,,,,0,0,0,0,0,0,0
teacher,25m 7s,25m 19s,[Untranscribed],11.995,1507.205,1519.2,214,,,,,,,,0,0,0,0,0,0,0
student,25m 19s,25m 21s,[Untranscribed],2.264,1519.2,1521.464,215,,,,,,,,0,0,0,0,0,0,0
teacher,25m 21s,25m 25s,,4.136,1521.464,1525.6,216,,,,,,,,0,0,0,0,0,0,0
teacher,25m 25s,25m 27s,"for yourself or front end, whoever.",1.92,1525.6,1527.52,216,,,,,,,,0,0,0,0,0,0,0
teacher,25m 27s,25m 28s,,0.48,1527.52,1528.0,216,,,,,,,,0,0,0,0,0,0,0
teacher,25m 28s,25m 29s,I'll show you how to do that.,1.44,1528.0,1529.44,216,,,,,,,,0,0,0,0,0,0,0
teacher,25m 29s,25m 30s,,0.72,1529.44,1530.16,216,,,,,,,,0,0,0,0,0,0,0
teacher,25m 30s,25m 36s,"Crash course videos that go with this human progress management study plan, some progress learning and you can.",6.72,1530.16,1536.88,216,,,,,,,,0,0,0,0,0,0,0
teacher,25m 36s,25m 41s,,5.0,1536.88,1541.88,216,,,,,,,,0,0,0,0,0,0,0
student,25m 41s,25m 42s,[Untranscribed],1.05,1541.88,1542.93,217,,,,,,,,0,0,0,0,0,0,0
teacher,25m 42s,25m 46s,"All right, so here's unit one.",3.52,1542.93,1546.45,218,,,,,,,,0,0,0,0,0,0,0
teacher,25m 46s,25m 47s,,0.64,1546.45,1547.09,218,,,,,,,,0,0,0,0,0,0,0
student,25m 47s,25m 47s,"Unit two,",0.72,1547.09,1547.81,219,,,,,,,,0,0,0,0,0,0,0
student,25m 47s,25m 50s,,2.58,1547.81,1550.39,219,,,,,,,,0,0,0,0,0,0,0
teacher,25m 50s,26m 1s,[Untranscribed],10.646,1550.39,1561.036,220,,,,,,,,0,0,0,0,0,0,0
student,26m 1s,26m 2s,[Untranscribed],1.468,1561.036,1562.504,221,,,,,,,,0,0,0,0,0,0,0
teacher,26m 2s,26m 4s,,1.796,1562.504,1564.3,222,,,,,,,,0,0,0,0,0,0,0
teacher,26m 4s,26m 4s,visuals.,0.64,1564.3,1564.94,222,,,,,,,,0,0,0,0,0,0,0
student,26m 4s,26m 6s,[Untranscribed],1.563,1564.94,1566.503,223,,,,,,,,0,0,0,0,0,0,0
teacher,26m 6s,26m 9s,[Untranscribed],2.997,1566.503,1569.5,224,,,,,,,,0,0,0,0,0,0,0
student,26m 9s,26m 10s,[Untranscribed],1.053,1569.5,1570.553,225,,,,,,,,0,0,0,0,0,0,0
teacher,26m 10s,26m 12s,[Untranscribed],1.997,1570.553,1572.55,226,,,,,,,,0,0,0,0,0,0,0
student,26m 12s,26m 14s,[Untranscribed],1.77,1572.55,1574.32,227,,,,,,,,0,0,0,0,0,0,0
teacher,26m 14s,26m 20s,[Untranscribed],6.19,1574.32,1580.51,228,,,,,,,,0,0,0,0,0,0,0
student,26m 20s,26m 37s,[Untranscribed],16.93,1580.51,1597.44,229,,,,,,,,0,0,0,0,0,0,0
teacher,26m 37s,26m 41s,[Untranscribed],4.0,1597.44,1601.44,230,,,,,,,,0,0,0,0,0,0,0
student,26m 41s,26m 42s,[Untranscribed],1.45,1601.44,1602.89,231,,,,,,,,0,0,0,0,0,0,0
teacher,26m 42s,27m 12s,[Untranscribed],29.61,1602.89,1632.5,232,,,,,,,,0,0,0,0,0,0,0
student,27m 12s,27m 18s,[Untranscribed],6.313,1632.5,1638.813,233,,,,,,,,0,0,0,0,0,0,0
teacher,27m 18s,27m 22s,[Untranscribed],3.611,1638.813,1642.424,234,,,,,,,,0,0,0,0,0,0,0
student,27m 22s,27m 23s,,0.866,1642.424,1643.29,235,,,,,,,,0,0,0,0,0,0,0
student,27m 23s,27m 24s,"Oh, you didn't do it.",0.88,1643.29,1644.17,235,,,,,,,,0,0,0,0,0,0,0
student,27m 24s,27m 24s,,0.24,1644.17,1644.41,235,,,,,,,,0,0,0,0,0,0,0
teacher,27m 24s,27m 27s,"Do it, do it, do it.",3.52,1644.41,1647.93,236,,,,,,,,0,0,0,0,0,0,0
teacher,27m 27s,27m 28s,,0.4,1647.93,1648.33,236,,,,,,,,0,0,0,0,0,0,0
teacher,27m 28s,27m 28s,"All right,",0.48,1648.33,1648.81,236,,,,,,,,0,0,0,0,0,0,0
teacher,27m 28s,27m 36s,,7.688,1648.81,1656.498,236,,,,,,,,0,0,0,0,0,0,0
student,27m 36s,27m 38s,[Untranscribed],2.413,1656.498,1658.911,237,,,,,,,,0,0,0,0,0,0,0
teacher,27m 38s,27m 43s,[Untranscribed],4.999,1658.911,1663.91,238,,,,,,,,0,0,0,0,0,0,0
student,27m 43s,27m 44s,[Untranscribed],1.0,1663.91,1664.91,239,,,,,,,,0,0,0,0,0,0,0
teacher,27m 44s,27m 49s,,4.15,1664.91,1669.06,240,,,,,,,,0,0,0,0,0,0,0
teacher,27m 49s,27m 56s,"all right, so these are directions for the next book, which I'll show you is just about the unit topics.",7.36,1669.06,1676.42,240,,,,,,,,0,0,0,0,0,0,0
teacher,27m 56s,27m 56s,,0.56,1676.42,1676.98,240,,,,,,,,0,0,0,0,0,0,0
teacher,27m 56s,27m 57s,Progress learning.,0.96,1676.98,1677.94,240,,,,,,,,0,0,0,0,0,0,0
teacher,27m 57s,27m 59s,Do you have your study plan on there?,1.76,1677.94,1679.7,240,,,,,,,,0,0,0,0,0,0,0
teacher,27m 59s,28m 1s,,2.08,1679.7,1681.78,240,,,,,,,,0,0,0,0,0,0,0
teacher,28m 1s,28m 2s,Yeah.,0.48,1681.78,1682.26,240,,,,,,,,0,0,0,0,0,0,0
teacher,28m 2s,28m 5s,"Okay, and then visuals both have wal just for study",3.12,1682.26,1685.38,240,,,,,,,,0,0,0,0,0,0,0
student,28m 5s,28m 7s,[Untranscribed],2.083,1685.38,1687.463,241,,,,,,,,0,0,0,0,0,0,0
teacher,28m 7s,28m 9s,[Untranscribed],2.042,1687.463,1689.505,242,,,,,,,,0,0,0,0,0,0,0
student,28m 9s,28m 11s,[Untranscribed],2.455,1689.505,1691.96,243,,,,,,,,0,0,0,0,0,0,0
teacher,28m 11s,28m 12s,necessary over there.,0.96,1691.96,1692.92,244,,,,,,,,0,0,0,0,0,0,0
teacher,28m 12s,28m 13s,,0.08,1692.92,1693.0,244,,,,,,,,0,0,0,0,0,0,0
teacher,28m 13s,28m 14s,That's what that button does.,1.36,1693.0,1694.36,244,,,,,,,,0,0,0,0,0,0,0
teacher,28m 14s,28m 15s,,0.88,1694.36,1695.24,244,,,,,,,,0,0,0,0,0,0,0
teacher,28m 15s,28m 18s,"All right, go ahead and open it up.",3.16,1695.24,1698.4,244,,,,,,,,0,0,0,0,0,0,0
teacher,28m 18s,28m 20s,I'm going to give you a sorry.,2.12,1698.4,1700.52,244,,,,,,,,0,0,0,0,0,0,0
teacher,28m 20s,28m 22s,,1.92,1700.52,1702.44,244,,,,,,,,0,0,0,0,0,0,0
teacher,28m 22s,28m 27s,"Now in the folder it says we're in chapters three and five, all right?",4.72,1702.44,1707.16,244,,,,,,,,0,0,0,0,0,0,0
teacher,28m 27s,28m 27s,,0.08,1707.16,1707.24,244,,,,,,,,0,0,0,0,0,0,0
teacher,28m 27s,28m 30s,"Because chapter four was progressive error, which was our central.",3.28,1707.24,1710.52,244,,,,,,,,0,0,0,0,0,0,0
teacher,28m 30s,28m 31s,,0.96,1710.52,1711.48,244,,,,,,,,0,0,0,0,0,0,0
teacher,28m 31s,28m 34s,"All right, so play interactive student edition.",2.72,1711.48,1714.2,244,,,,,,,,0,0,0,0,0,0,0
student,28m 34s,28m 35s,[Untranscribed],1.31,1714.2,1715.51,245,,,,,,,,0,0,0,0,0,0,0
teacher,28m 35s,28m 37s,,2.18,1715.51,1717.69,246,,,,,,,,0,0,0,0,0,0,0
teacher,28m 37s,28m 38s,You go over here.,0.52,1717.69,1718.21,246,,,,,,,,0,0,0,0,0,0,0
teacher,28m 38s,28m 38s,It's the content.,0.68,1718.21,1718.89,246,,,,,,,,0,0,0,0,0,0,0
teacher,28m 38s,28m 39s,,0.16,1718.89,1719.05,246,,,,,,,,0,0,0,0,0,0,0
teacher,28m 39s,28m 42s,So chapter three is our current unit.,3.6,1719.05,1722.65,246,,,,,,,,0,0,0,0,0,0,0
teacher,28m 42s,28m 43s,,0.4,1722.65,1723.05,246,,,,,,,,0,0,0,0,0,0,0
teacher,28m 43s,28m 50s,"So you can use this PE and squeeze in a little bit of study, add to your notes, do missing work, whatever you like.",7.68,1723.05,1730.73,246,,,,,,,,0,0,0,0,0,0,0
teacher,28m 50s,28m 50s,,0.08,1730.73,1730.81,246,,,,,,,,0,0,0,0,0,0,0
teacher,28m 50s,28m 52s,That's how we find that.,1.36,1730.81,1732.17,246,,,,,,,,0,0,0,0,0,0,0
teacher,28m 52s,28m 53s,,1.439,1732.17,1733.609,246,,,,,,,,0,0,0,0,0,0,0
teacher,28m 53s,29m 0s,"There might be a couple times, you know, where we implement some readings or if you need additional support.",6.881,1733.609,1740.49,246,,,,,,,,0,0,0,0,0,0,0
teacher,29m 0s,29m 1s,,0.56,1740.49,1741.05,246,,,,,,,,0,0,0,0,0,0,0
teacher,29m 1s,29m 2s,That's how we got it.,1.28,1741.05,1742.33,246,,,,,,,,0,0,0,0,0,0,0
teacher,29m 2s,29m 3s,,0.97,1742.33,1743.3,246,,,,,,,,0,0,0,0,0,0,0
student,29m 3s,29m 3s,All right.,0.4,1743.3,1743.7,247,,,,,,,,0,0,0,0,0,0,0
student,29m 3s,29m 6s,,2.792,1743.7,1746.492,247,,,,,,,,0,0,0,0,0,0,0
teacher,29m 6s,29m 9s,,3.128,1746.492,1749.62,248,,,,,,,,0,0,0,0,0,0,0
teacher,29m 9s,29m 14s,"All right, so get excited.",5.12,1749.62,1754.74,248,,,,,,,,0,0,0,0,0,0,0
teacher,29m 14s,29m 15s,,0.48,1754.74,1755.22,248,,,,,,,,0,0,0,0,0,0,0
teacher,29m 15s,29m 20s,"Okay, so in our school, here is the additional stuff.",5.76,1755.22,1760.98,248,,,,,,,,0,0,0,0,0,0,0
student,29m 20s,29m 22s,[Untranscribed],1.44,1760.98,1762.42,249,,,,,,,,0,0,0,0,0,0,0
teacher,29m 22s,29m 24s,This is how to find the textbook.,2.16,1762.42,1764.58,250,,,,,,,,0,0,0,0,0,0,0
teacher,29m 24s,29m 27s,,2.72,1764.58,1767.3,250,,,,,,,,0,0,0,0,0,0,0
teacher,29m 27s,29m 30s,"All right, you want in a different language where you have a friend that does.",3.53,1767.3,1770.83,250,,,,,,,,0,0,0,0,0,0,0
teacher,29m 30s,29m 31s,,0.24,1770.83,1771.07,250,,,,,,,,0,0,0,0,0,0,0
teacher,29m 31s,29m 32s,That's how you do it.,1.04,1771.07,1772.11,250,,,,,,,,0,0,0,0,0,0,0
teacher,29m 32s,29m 32s,,0.64,1772.11,1772.75,250,,,,,,,,0,0,0,0,0,0,0
teacher,29m 32s,29m 37s,"All right, here's the dashboard unit progress learning.",5.2,1772.75,1777.95,250,,,,,,,,0,0,0,0,0,0,0
teacher,29m 37s,29m 38s,,0.16,1777.95,1778.11,250,,,,,,,,0,0,0,0,0,0,0
teacher,29m 38s,29m 42s,"You know how to do study plan, right?",4.2,1778.11,1782.31,250,,,,,,,,0,0,0,0,0,0,0
teacher,29m 42s,29m 44s,"So if you click study plan, what this?",2.28,1782.31,1784.59,250,,,,,,,,0,0,0,0,0,0,0
teacher,29m 44s,29m 44s,,0.24,1784.59,1784.83,250,,,,,,,,0,0,0,0,0,0,0
teacher,29m 44s,29m 46s,You'll click the class name.,1.44,1784.83,1786.27,250,,,,,,,,0,0,0,0,0,0,0
teacher,29m 46s,29m 47s,,0.96,1786.27,1787.23,250,,,,,,,,0,0,0,0,0,0,0
teacher,29m 47s,29m 54s,So what this platform does is it takes all of your data from everybody and it recommends to you what you need to review.,6.8,1787.23,1794.03,250,,,,,,,,0,0,0,0,0,0,0
teacher,29m 54s,29m 54s,,0.17,1794.03,1794.2,250,,,,,,,,0,0,0,0,0,0,0
teacher,29m 54s,29m 56s,"Okay, so these, we haven't tested these.",2.6,1794.2,1796.8,250,,,,,,,,0,0,0,0,0,0,0
teacher,29m 56s,29m 59s,So it's recommending videos and practice sessions.,2.92,1796.8,1799.72,250,,,,,,,,0,0,0,0,0,0,0
teacher,29m 59s,30m 0s,,0.72,1799.72,1800.44,250,,,,,,,,0,0,0,0,0,0,0
teacher,30m 0s,30m 3s,"All right, so this is how you study and prepare yourself.",3.36,1800.44,1803.8,250,,,,,,,,0,0,0,0,0,0,0
teacher,30m 3s,30m 4s,,0.56,1803.8,1804.36,250,,,,,,,,0,0,0,0,0,0,0
teacher,30m 4s,30m 6s,It doesn't get your grade in here.,2.16,1804.36,1806.52,250,,,,,,,,0,0,0,0,0,0,0
teacher,30m 6s,30m 6s,,0.32,1806.52,1806.84,250,,,,,,,,0,0,0,0,0,0,0
teacher,30m 6s,30m 7s,It's just practice.,1.12,1806.84,1807.96,250,,,,,,,,0,0,0,0,0,0,0
teacher,30m 7s,30m 8s,,0.8,1807.96,1808.76,250,,,,,,,,0,0,0,0,0,0,0
teacher,30m 8s,30m 9s,All right?,0.56,1808.76,1809.32,250,,,,,,,,0,0,0,0,0,0,0
teacher,30m 9s,30m 9s,,0.56,1809.32,1809.88,250,,,,,,,,0,0,0,0,0,0,0
teacher,30m 9s,30m 13s,And then I'm going to show you.,3.76,1809.88,1813.64,250,,,,,,,,0,0,0,0,0,0,0
teacher,30m 13s,30m 13s,,0.08,1813.64,1813.72,250,,,,,,,,0,0,0,0,0,0,0
teacher,30m 13s,30m 19s,Here's our vocab and here's like visualizations for everything.,5.84,1813.72,1819.56,250,,,,,,,,0,0,0,0,0,0,0
teacher,30m 19s,30m 21s,,2.09,1819.56,1821.65,250,,,,,,,,0,0,0,0,0,0,0
teacher,30m 21s,30m 24s,Cory and wake stick.,2.4,1821.65,1824.05,250,,,,,,,,0,0,0,0,0,0,0
teacher,30m 24s,30m 24s,,0.72,1824.05,1824.77,250,,,,,,,,0,0,0,0,0,0,0
teacher,30m 24s,30m 33s,"All right, so you can kind of review those and I'll help you visualize some of the words and how are used in this time period.",8.64,1824.77,1833.41,250,,,,,,,,0,0,0,0,0,0,0
student,30m 33s,30m 34s,[Untranscribed],1.36,1833.41,1834.77,251,,,,,,,,0,0,0,0,0,0,0
teacher,30m 34s,30m 36s,I'm going to show you the textbook.,1.52,1834.77,1836.29,252,,,,,,,,0,0,0,0,0,0,0
teacher,30m 36s,30m 36s,,0.48,1836.29,1836.77,252,,,,,,,,0,0,0,0,0,0,0
teacher,30m 36s,30m 39s,We know we're chapter three and chapter five.,2.32,1836.77,1839.09,252,,,,,,,,0,0,0,0,0,0,0
student,30m 39s,30m 40s,[Untranscribed],1.28,1839.09,1840.37,253,,,,,,,,0,0,0,0,0,0,0
teacher,30m 40s,30m 44s,The textbook is right click.,4.0,1840.37,1844.37,254,,,,,,,,0,0,0,0,0,0,0
teacher,30m 44s,30m 44s,,0.014,1844.37,1844.384,254,,,,,,,,0,0,0,0,0,0,0
silence,30m 44s,30m 46s,,2.076,1844.384,1846.46,255,,,,,,,,0,0,0,0,0,0,0
teacher,30m 46s,30m 47s,They'll launch the app.,1.12,1846.46,1847.58,256,,,,,,,,0,0,0,0,0,0,0
teacher,30m 47s,30m 48s,,0.64,1847.58,1848.22,256,,,,,,,,0,0,0,0,0,0,0
student,30m 48s,30m 49s,It's right here,1.2,1848.22,1849.42,257,,,,,,,,0,0,0,0,0,0,0
student,30m 49s,30m 50s,,0.972,1849.42,1850.392,257,,,,,,,,0,0,0,0,0,0,0
teacher,30m 50s,30m 55s,[Untranscribed],4.998,1850.392,1855.39,258,,,,,,,,0,0,0,0,0,0,0
student,30m 55s,30m 57s,[Untranscribed],1.87,1855.39,1857.26,259,,,,,,,,0,0,0,0,0,0,0
teacher,30m 57s,30m 58s,and then underneath.,0.84,1857.26,1858.1,260,,,,,,,,0,0,0,0,0,0,0
teacher,30m 58s,31m 1s,Ebook options interact with student conditions.,3.08,1858.1,1861.18,260,,,,,,,,0,0,0,0,0,0,0
student,31m 1s,31m 3s,[Untranscribed],1.92,1861.18,1863.1,261,,,,,,,,0,0,0,0,0,0,0
teacher,31m 3s,31m 8s,"Now, if you want to translate it for yourself or a friend, you have to click open in a new tab.",5.12,1863.1,1868.22,262,,,,,,,,0,0,0,0,0,0,0
teacher,31m 8s,31m 8s,,0.278,1868.22,1868.498,262,,,,,,,,0,0,0,0,0,0,0
silence,31m 8s,31m 11s,,3.292,1868.498,1871.79,263,,,,,,,,0,0,0,0,0,0,0
teacher,31m 11s,31m 12s,All right.,0.32,1871.79,1872.11,264,,,,,,,,0,0,0,0,0,0,0
teacher,31m 12s,31m 12s,,0.48,1872.11,1872.59,264,,,,,,,,0,0,0,0,0,0,0
teacher,31m 12s,31m 14s,And it'll kind of be page by page.,2.2,1872.59,1874.79,264,,,,,,,,0,0,0,0,0,0,0
teacher,31m 14s,31m 19s,And here's chapter three to translate for a friend or yourself.,4.84,1874.79,1879.63,264,,,,,,,,0,0,0,0,0,0,0
teacher,31m 19s,31m 19s,,0.08,1879.63,1879.71,264,,,,,,,,0,0,0,0,0,0,0
teacher,31m 19s,31m 27s,"It's just two taps and the translate button, it pops up to the top and you would just help your buddy.",7.6,1879.71,1887.31,264,,,,,,,,0,0,0,0,0,0,0
student,31m 27s,31m 29s,[Untranscribed],2.0,1887.31,1889.31,265,,,,,,,,0,0,0,0,0,0,0
teacher,31m 29s,31m 39s,"All right, you can read add to your notes personal during study time and the people these up during quiz, tests, whatever in here.",10.41,1889.31,1899.72,266,,,,,,,,0,0,0,0,0,0,0
teacher,31m 39s,31m 40s,So long as it's not,1.04,1899.72,1900.76,266,,,,,,,,0,0,0,0,0,0,0
teacher,31m 40s,31m 42s,,2.0,1900.76,1902.76,266,,,,,,,,0,0,0,0,0,0,0
student,31m 42s,31m 43s,[Untranscribed],1.06,1902.76,1903.82,267,,,,,,,,0,0,0,0,0,0,0
teacher,31m 43s,31m 48s,,4.54,1903.82,1908.36,268,,,,,,,,0,0,0,0,0,0,0
teacher,31m 48s,31m 49s,okay.,0.64,1908.36,1909.0,268,,,,,,,,0,0,0,0,0,0,0
student,31m 49s,31m 50s,[Untranscribed],1.2,1909.0,1910.2,269,,,,,,,,0,0,0,0,0,0,0
teacher,31m 50s,31m 53s,"If you need any additional favor, please help yourself.",2.88,1910.2,1913.08,270,,,,,,,,0,0,0,0,0,0,0
student,31m 53s,31m 55s,[Untranscribed],2.297,1913.08,1915.377,271,,,,,,,,0,0,0,0,0,0,0
silence,31m 55s,31m 57s,,2.343,1915.377,1917.72,272,,,,,,,,0,0,0,0,0,0,0
teacher,31m 57s,31m 58s,All right?,0.4,1917.72,1918.12,273,,,,,,,,0,0,0,0,0,0,0
teacher,31m 58s,31m 58s,Happy do.,0.72,1918.12,1918.84,273,,,,,,,,0,0,0,0,0,0,0
student,31m 58s,32m 1s,[Untranscribed],2.663,1918.84,1921.503,274,,,,,,,,0,0,0,0,0,0,0
teacher,32m 1s,32m 3s,,1.587,1921.503,1923.09,275,,,,,,,,0,0,0,0,0,0,0
teacher,32m 3s,32m 5s,I don't know if that means that it fits all or not.,2.16,1923.09,1925.25,275,,,,,,,,0,0,0,0,0,0,0
student,32m 5s,32m 13s,[Untranscribed],8.4,1925.25,1933.65,276,,,,,,,,0,0,0,0,0,0,0
teacher,32m 13s,32m 14s,I don't know.,0.72,1933.65,1934.37,277,,,,,,,,0,0,0,0,0,0,0
student,32m 14s,32m 17s,[Untranscribed],3.6,1934.37,1937.97,278,,,,,,,,0,0,0,0,0,0,0
teacher,32m 17s,32m 18s,All right.,0.56,1937.97,1938.53,279,,,,,,,,0,0,0,0,0,0,0
student,32m 18s,32m 19s,[Untranscribed],1.12,1938.53,1939.65,280,,,,,,,,0,0,0,0,0,0,0
teacher,32m 19s,32m 20s,"Oh, okay, good.",1.28,1939.65,1940.93,281,,,,,,,,0,0,0,0,0,0,0
teacher,32m 20s,32m 21s,,0.32,1940.93,1941.25,281,,,,,,,,0,0,0,0,0,0,0
student,32m 21s,32m 21s,Good job.,0.64,1941.25,1941.89,282,,,,,,,,0,0,0,0,0,0,0
student,32m 21s,32m 22s,,0.48,1941.89,1942.37,282,,,,,,,,0,0,0,0,0,0,0
teacher,32m 22s,32m 28s,"All right, so on here I'm going to show you how to get the textbook and transfer.",6.29,1942.37,1948.66,283,,,,,,,,0,0,0,0,0,0,0
student,32m 28s,32m 30s,[Untranscribed],1.43,1948.66,1950.09,284,,,,,,,,0,0,0,0,0,0,0
teacher,32m 30s,32m 32s,"All right, so the textbook is right here.",2.0,1950.09,1952.09,285,,,,,,,,0,0,0,0,0,0,0
student,32m 32s,32m 34s,[Untranscribed],2.24,1952.09,1954.33,286,,,,,,,,0,0,0,0,0,0,0
teacher,32m 34s,32m 41s,"It'll open up a window, seventh block.",6.88,1954.33,1961.21,287,,,,,,,,0,0,0,0,0,0,0
student,32m 41s,32m 46s,[Untranscribed],5.68,1961.21,1966.89,288,,,,,,,,0,0,0,0,0,0,0
teacher,32m 46s,32m 47s,All right.,0.48,1966.89,1967.37,289,,,,,,,,0,0,0,0,0,0,0
teacher,32m 47s,32m 49s,Our book is right here under ebook.,2.24,1967.37,1969.61,289,,,,,,,,0,0,0,0,0,0,0
student,32m 49s,32m 51s,[Untranscribed],1.52,1969.61,1971.13,290,,,,,,,,0,0,0,0,0,0,0
teacher,32m 51s,32m 57s,"If you or a friend need it translated, you have to click this, open a new tab.",6.09,1971.13,1977.22,291,,,,,,,,0,0,0,0,0,0,0
student,32m 57s,32m 59s,[Untranscribed],2.08,1977.22,1979.3,292,,,,,,,,0,0,0,0,0,0,0
teacher,32m 59s,33m 3s,"We're in chapter three and five, so chapter three is right there.",4.08,1979.3,1983.38,293,,,,,,,,0,0,0,0,0,0,0
teacher,33m 3s,33m 3s,,0.24,1983.38,1983.62,293,,,,,,,,0,0,0,0,0,0,0
teacher,33m 3s,33m 5s,So you use this to find your chapter.,2.08,1983.62,1985.7,293,,,,,,,,0,0,0,0,0,0,0
student,33m 5s,33m 7s,[Untranscribed],1.68,1985.7,1987.38,294,,,,,,,,0,0,0,0,0,0,0
teacher,33m 7s,33m 12s,"Once you're on the page, two fingers and you can translate.",5.04,1987.38,1992.42,295,,,,,,,,0,0,0,0,0,0,0
teacher,33m 12s,33m 12s,,0.4,1992.42,1992.82,295,,,,,,,,0,0,0,0,0,0,0
teacher,33m 12s,33m 16s,It'll open up here and then you can just help friend choose.,4.08,1992.82,1996.9,295,,,,,,,,0,0,0,0,0,0,0
teacher,33m 16s,33m 17s,,0.4,1996.9,1997.3,295,,,,,,,,0,0,0,0,0,0,0
teacher,33m 17s,33m 17s,Okay.,0.56,1997.3,1997.86,295,,,,,,,,0,0,0,0,0,0,0
teacher,33m 17s,33m 23s,"And it'll do it automatically, but you can use this to add to your notes to your study.",6.06,1997.86,2003.92,295,,,,,,,,0,0,0,0,0,0,0
student,33m 23s,33m 26s,[Untranscribed],2.8,2003.92,2006.72,296,,,,,,,,0,0,0,0,0,0,0
teacher,33m 26s,33m 27s,Yeah.,0.48,2006.72,2007.2,297,,,,,,,,0,0,0,0,0,0,0
teacher,33m 27s,33m 36s,"Remember all your notes, creative work or personal notes you can use during tests and exams, so long as it's not stated.",9.039,2007.2,2016.239,297,,,,,,,,0,0,0,0,0,0,0
teacher,33m 36s,33m 37s,So the benchmark you can't.,1.601,2016.239,2017.84,297,,,,,,,,0,0,0,0,0,0,0
teacher,33m 37s,33m 38s,,0.72,2017.84,2018.56,297,,,,,,,,0,0,0,0,0,0,0
teacher,33m 38s,33m 44s,"But whenever it's a croissant test like medpart or unit test, you can.",5.76,2018.56,2024.32,297,,,,,,,,0,0,0,0,0,0,0
teacher,33m 44s,33m 44s,,0.56,2024.32,2024.88,297,,,,,,,,0,0,0,0,0,0,0
teacher,33m 44s,33m 49s,"All right, so we have in here additional study.",4.81,2024.88,2029.69,297,,,,,,,,0,0,0,0,0,0,0
student,33m 49s,33m 51s,[Untranscribed],2.08,2029.69,2031.77,298,,,,,,,,0,0,0,0,0,0,0
teacher,33m 51s,34m 5s,"There's the textbook directions, crash course videos, progress learning study plan, which has videos and practice questions as well as vocab wall and visuals.",13.92,2031.77,2045.69,299,,,,,,,,0,0,0,0,0,0,0
student,34m 5s,34m 7s,[Untranscribed],1.52,2045.69,2047.21,300,,,,,,,,0,0,0,0,0,0,0
teacher,34m 7s,34m 12s,So you got lots of to show you something.,5.209,2047.21,2052.419,301,,,,,,,,0,0,0,0,0,0,0
teacher,34m 12s,34m 14s,,2.251,2052.419,2054.67,301,,,,,,,,0,0,0,0,0,0,0
student,34m 14s,34m 19s,[Untranscribed],4.837,2054.67,2059.507,302,,,,,,,,0,0,0,0,0,0,0
silence,34m 19s,34m 21s,,2.329,2059.507,2061.835,303,,,,,,,,0,0,0,0,0,0,0
student,34m 21s,34m 24s,[Untranscribed],3.005,2061.835,2064.84,304,,,,,,,,0,0,0,0,0,0,0
teacher,34m 24s,34m 26s,[Untranscribed],2.0,2064.84,2066.84,305,,,,,,,,0,0,0,0,0,0,0
student,34m 26s,34m 28s,[Untranscribed],2.0,2066.84,2068.84,306,,,,,,,,0,0,0,0,0,0,0
teacher,34m 28s,34m 37s,,8.47,2068.84,2077.31,307,,,,,,,,0,0,0,0,0,0,0
teacher,34m 37s,34m 40s,"Okay, so we're in our folder.",2.72,2077.31,2080.03,307,,,,,,,,0,0,0,0,0,0,0
student,34m 40s,34m 42s,[Untranscribed],2.713,2080.03,2082.743,308,,,,,,,,0,0,0,0,0,0,0
teacher,34m 42s,34m 48s,,5.927,2082.743,2088.67,309,,,,,,,,0,0,0,0,0,0,0
teacher,34m 48s,35m 3s,"So in this class, the notes that come graded work, all your graded work, hard work here.",14.41,2088.67,2103.08,309,,,,,,,,0,0,0,0,0,0,0
teacher,35m 3s,35m 6s,,3.0,2103.08,2106.08,309,,,,,,,,0,0,0,0,0,0,0
group,35m 6s,35m 10s,[Untranscribed],3.92,2106.08,2110.0,310,,,,,,,,0,0,0,0,0,0,0
student,35m 10s,35m 16s,[Untranscribed],6.021,2110.0,2116.021,311,,,,,,,,0,0,0,0,0,0,0
teacher,35m 16s,35m 19s,[Untranscribed],2.999,2116.021,2119.02,312,,,,,,,,0,0,0,0,0,0,0
student,35m 19s,35m 23s,[Untranscribed],4.477,2119.02,2123.497,313,,,,,,,,0,0,0,0,0,0,0
silence,35m 23s,35m 25s,,1.941,2123.497,2125.437,314,,,,,,,,0,0,0,0,0,0,0
student,35m 25s,35m 28s,[Untranscribed],2.973,2125.437,2128.41,315,,,,,,,,0,0,0,0,0,0,0
teacher,35m 28s,35m 31s,[Untranscribed],3.0,2128.41,2131.41,316,,,,,,,,0,0,0,0,0,0,0
student,35m 31s,35m 35s,[Untranscribed],4.017,2131.41,2135.427,317,,,,,,,,0,0,0,0,0,0,0
silence,35m 35s,35m 37s,,2.043,2135.427,2137.47,318,,,,,,,,0,0,0,0,0,0,0
teacher,35m 37s,35m 40s,[Untranscribed],3.0,2137.47,2140.47,319,,,,,,,,0,0,0,0,0,0,0
student,35m 40s,35m 50s,[Untranscribed],10.0,2140.47,2150.47,320,,,,,,,,0,0,0,0,0,0,0
teacher,35m 50s,35m 54s,,3.83,2150.47,2154.3,321,,,,,,,,0,0,0,0,0,0,0
teacher,35m 54s,35m 55s,"All right, so",0.72,2154.3,2155.02,321,,,,,,,,0,0,0,0,0,0,0
teacher,35m 55s,35m 57s,,2.0,2155.02,2157.02,321,,,,,,,,0,0,0,0,0,0,0
student,35m 57s,36m 0s,[Untranscribed],3.36,2157.02,2160.38,322,,,,,,,,0,0,0,0,0,0,0
teacher,36m 0s,36m 6s,[Untranscribed],6.0,2160.38,2166.38,323,,,,,,,,0,0,0,0,0,0,0
student,36m 6s,36m 11s,[Untranscribed],5.13,2166.38,2171.51,324,,,,,,,,0,0,0,0,0,0,0
teacher,36m 11s,36m 19s,,8.0,2171.51,2179.51,325,,,,,,,,0,0,0,0,0,0,0
teacher,36m 19s,36m 20s,"two papers,",0.8,2179.51,2180.31,325,,,,,,,,0,0,0,0,0,0,0
student,36m 20s,36m 21s,[Untranscribed],1.051,2180.31,2181.361,326,,,,,,,,0,0,0,0,0,0,0
silence,36m 21s,36m 26s,,5.282,2181.361,2186.643,327,,,,,,,,0,0,0,0,0,0,0
teacher,36m 26s,36m 28s,[Untranscribed],2.307,2186.643,2188.95,328,,,,,,,,0,0,0,0,0,0,0
media,36m 28s,36m 31s,but if they're down.,2.32,2188.95,2191.27,329,,,,,,,,0,0,0,0,0,0,0
student,36m 31s,36m 35s,[Untranscribed],4.0,2191.27,2195.27,330,,,,,,,,0,0,0,0,0,0,0
teacher,36m 35s,36m 44s,[Untranscribed],9.37,2195.27,2204.64,331,,,,,,,,0,0,0,0,0,0,0
student,36m 44s,36m 48s,[Untranscribed],3.991,2204.64,2208.631,332,,,,,,,,0,0,0,0,0,0,0
teacher,36m 48s,36m 50s,[Untranscribed],2.346,2208.631,2210.977,333,,,,,,,,0,0,0,0,0,0,0
student,36m 50s,36m 52s,[Untranscribed],1.523,2210.977,2212.5,334,,,,,,,,0,0,0,0,0,0,0
teacher,36m 52s,36m 56s,[Untranscribed],4.0,2212.5,2216.5,335,,,,,,,,0,0,0,0,0,0,0
student,36m 56s,37m 0s,[Untranscribed],4.0,2216.5,2220.5,336,,,,,,,,0,0,0,0,0,0,0
teacher,37m 0s,37m 6s,[Untranscribed],6.0,2220.5,2226.5,337,,,,,,,,0,0,0,0,0,0,0
student,37m 6s,37m 8s,[Untranscribed],2.313,2226.5,2228.813,338,,,,,,,,0,0,0,0,0,0,0
teacher,37m 8s,37m 10s,,1.757,2228.813,2230.57,339,,,,,,,,0,0,0,0,0,0,0
teacher,37m 10s,37m 10s,All right.,0.4,2230.57,2230.97,339,,,,,,,,0,0,0,0,0,0,0
silence,37m 10s,37m 14s,,3.142,2230.97,2234.112,340,,,,,,,,0,0,0,0,0,0,0
student,37m 14s,37m 16s,[Untranscribed],2.788,2234.112,2236.9,341,,,,,,,,0,0,0,0,0,0,0
teacher,37m 16s,37m 22s,[Untranscribed],5.785,2236.9,2242.685,342,,,,,,,,0,0,0,0,0,0,0
silence,37m 22s,37m 24s,,1.823,2242.685,2244.507,343,,,,,,,,0,0,0,0,0,0,0
student,37m 24s,37m 29s,[Untranscribed],5.003,2244.507,2249.51,344,,,,,,,,0,0,0,0,0,0,0
teacher,37m 29s,37m 33s,[Untranscribed],3.992,2249.51,2253.502,345,,,,,,,,0,0,0,0,0,0,0
silence,37m 33s,37m 37s,,3.698,2253.502,2257.2,346,,,,,,,,0,0,0,0,0,0,0
teacher,37m 37s,37m 42s,"All right, friends, we're good to go.",5.68,2257.2,2262.88,347,,,,,,,,0,0,0,0,0,0,0
teacher,37m 42s,37m 44s,,1.2,2262.88,2264.08,347,,,,,,,,0,0,0,0,0,0,0
teacher,37m 44s,37m 46s,Use the initial study folder.,2.16,2264.08,2266.24,347,,,,,,,,0,0,0,0,0,0,0
teacher,37m 46s,37m 52s,,6.41,2266.24,2272.65,347,,,,,,,,0,0,0,0,0,0,0
student,37m 52s,37m 54s,[Untranscribed],1.861,2272.65,2274.511,348,,,,,,,,0,0,0,0,0,0,0
teacher,37m 54s,37m 57s,[Untranscribed],2.987,2274.511,2277.498,349,,,,,,,,0,0,0,0,0,0,0
student,37m 57s,37m 58s,[Untranscribed],1.232,2277.498,2278.73,350,,,,,,,,0,0,0,0,0,0,0
silence,37m 58s,38m 0s,,1.772,2278.73,2280.502,351,,,,,,,,0,0,0,0,0,0,0
student,38m 0s,38m 1s,,1.188,2280.502,2281.69,352,,,,,,,,0,0,0,0,0,0,0
student,38m 1s,38m 2s,"Oh,",0.32,2281.69,2282.01,352,,,,,,,,0,0,0,0,0,0,0
student,38m 2s,38m 3s,,1.495,2282.01,2283.505,352,,,,,,,,0,0,0,0,0,0,0
silence,38m 3s,38m 8s,,4.745,2283.505,2288.25,353,,,,,,,,0,0,0,0,0,0,0
teacher,38m 8s,38m 9s,"awesome job, guys.",1.36,2288.25,2289.61,354,,,,,1.0,,,0,0,0,0,4,0,0
teacher,38m 9s,38m 11s,,1.523,2289.61,2291.133,354,,,,,,,,0,0,0,0,0,0,0
silence,38m 11s,38m 15s,,4.637,2291.133,2295.77,355,,,,,,,,0,0,0,0,0,0,0
teacher,38m 15s,38m 18s,I love seeing you guys put up the chairs.,3.04,2295.77,2298.81,356,,,,,1.0,1.0,,0,0,0,0,5,1,0
teacher,38m 18s,38m 19s,Thank you.,0.72,2298.81,2299.53,356,,,,,,,,0,0,0,0,0,0,0
teacher,38m 19s,38m 20s,Thank you.,0.72,2299.53,2300.25,356,,,,,,,,0,0,0,0,0,0,0
teacher,38m 20s,38m 20s,,0.4,2300.25,2300.65,356,,,,,,,,0,0,0,0,0,0,0
silence,38m 20s,38m 23s,,3.04,2300.65,2303.69,357,,,,,,,,0,0,0,0,0,0,0
teacher,38m 23s,38m 26s,"Thank you, Grace, for putting up your chair.",2.4,2303.69,2306.09,358,,,,,1.0,1.0,,0,0,0,0,6,2,0
teacher,38m 26s,38m 26s,,0.24,2306.09,2306.33,358,,,,,1.0,1.0,,0,0,0,0,6,2,0
teacher,38m 26s,38m 28s,"Thank you, Emerson, for putting up your chair.",2.28,2306.33,2308.61,358,,,,,1.0,1.0,,0,0,0,0,6,2,0
teacher,38m 28s,38m 31s,"Damia, thank you you for putting up your chair.",2.46,2308.61,2311.07,358,,,,,1.0,1.0,,0,0,0,0,6,2,0
teacher,38m 31s,38m 31s,,0.8,2311.07,2311.87,358,,,,,,,,0,0,0,0,0,0,0
teacher,38m 31s,38m 32s,"Thank you, guys.",0.96,2311.87,2312.83,358,,,,,,,,0,0,0,0,0,0,0
teacher,38m 32s,38m 34s,It helps me a lot.,1.6,2312.83,2314.43,358,,,,,,,,0,0,0,0,0,0,0
teacher,38m 34s,38m 35s,,0.88,2314.43,2315.31,358,,,,,,,,0,0,0,0,0,0,0
teacher,38m 35s,38m 35s,Thank you.,0.64,2315.31,2315.95,358,,,,,,,,0,0,0,0,0,0,0
teacher,38m 35s,38m 36s,,0.951,2315.95,2316.901,358,,,,,,,,0,0,0,0,0,0,0
silence,38m 36s,38m 39s,,3.029,2316.901,2319.93,359,,,,,,,,0,0,0,0,0,0,0
